R1,init,t3,t2,weekly,gaussian,misdelay,fixed,delay_opt,t1,t4,t5,t6,R2,R3,smooth,timevar_est,timevar_sim,filename,estimationDir,simulationDir,infection_file,re_file,infection_exists,re_exists,infection_size,re_size,ReRMSE,RelError,RootDiff,EmpCoverage,CIWidth,OneTrans,DTWdist,frac_normal,overall_normal,slopeError,maxInc,t3diff
2.5,10,21,20,0.75,0.1,0,TRUE,confirmed,0,31,51,71,0.5,1.2,smooth,FALSE,FALSE,t_20_21_R_2.5_init_10_week_0.75_norm_0.1_timevar_FALSE_FALSE_fixed_FALSE_misdelay_0.csv,/Users/jana/Documents/PhD/covid/Re_project/paper_sim/estimated/smooth/confirmed,/Users/jana/Documents/PhD/covid/Re_project/paper_sim/simulated/confirmed,/infection_t_20_21_R_2.5_init_10_week_0.75_norm_0.1_timevar_FALSE_FALSE_fixed_TRUE_misdelay_0.csv,/Re_t_20_21_R_2.5_init_10_week_0.75_norm_0.1_timevar_FALSE_FALSE_fixed_TRUE_misdelay_0.csv,TRUE,TRUE,292808,902293,0.30404369950616117,-0.09826114101141921,5,0.6724137931034483,0.507937077193225,0.9354838709677419,0.11302943713776763,0.8596491228070176,FALSE,0.9204931281158168,142,1
3,10,21,20,0.75,0.1,0,TRUE,confirmed,0,31,51,71,0.5,1.2,smooth,FALSE,FALSE,t_20_21_R_3_init_10_week_0.75_norm_0.1_timevar_FALSE_FALSE_fixed_FALSE_misdelay_0.csv,/Users/jana/Documents/PhD/covid/Re_project/paper_sim/estimated/smooth/confirmed,/Users/jana/Documents/PhD/covid/Re_project/paper_sim/simulated/confirmed,/infection_t_20_21_R_3_init_10_week_0.75_norm_0.1_timevar_FALSE_FALSE_fixed_TRUE_misdelay_0.csv,/Re_t_20_21_R_3_init_10_week_0.75_norm_0.1_timevar_FALSE_FALSE_fixed_TRUE_misdelay_0.csv,TRUE,TRUE,294442,914859,0.33355153640224955,-0.07736844988710011,5,0.3898305084745763,0.32540559193889973,0.8421052631578947,0.13959266761072003,0.7931034482758621,FALSE,0.9147560520942487,387,1
3.5,10,21,20,0.75,0.1,0,TRUE,confirmed,0,31,51,71,0.5,1.2,smooth,FALSE,FALSE,t_20_21_R_3.5_init_10_week_0.75_norm_0.1_timevar_FALSE_FALSE_fixed_FALSE_misdelay_0.csv,/Users/jana/Documents/PhD/covid/Re_project/paper_sim/estimated/smooth/confirmed,/Users/jana/Documents/PhD/covid/Re_project/paper_sim/simulated/confirmed,/infection_t_20_21_R_3.5_init_10_week_0.75_norm_0.1_timevar_FALSE_FALSE_fixed_TRUE_misdelay_0.csv,/Re_t_20_21_R_3.5_init_10_week_0.75_norm_0.1_timevar_FALSE_FALSE_fixed_TRUE_misdelay_0.csv,TRUE,TRUE,297006,925432,0.39538251797993035,-0.08823258962592068,6,0.288135593220339,0.2218236954954056,0.7804878048780488,0.1451579984958997,0.8620689655172413,FALSE,0.9278746932239068,865,1
2.5,100,21,20,0.75,0.1,0,TRUE,confirmed,0,31,51,71,0.5,1.2,smooth,FALSE,FALSE,t_20_21_R_2.5_init_100_week_0.75_norm_0.1_timevar_FALSE_FALSE_fixed_FALSE_misdelay_0.csv,/Users/jana/Documents/PhD/covid/Re_project/paper_sim/estimated/smooth/confirmed,/Users/jana/Documents/PhD/covid/Re_project/paper_sim/simulated/confirmed,/infection_t_20_21_R_2.5_init_100_week_0.75_norm_0.1_timevar_FALSE_FALSE_fixed_TRUE_misdelay_0.csv,/Re_t_20_21_R_2.5_init_100_week_0.75_norm_0.1_timevar_FALSE_FALSE_fixed_TRUE_misdelay_0.csv,TRUE,TRUE,303870,973479,0.2608851742741859,-0.09938959692433523,5,0.30158730158730157,0.1676167196646332,0.8518518518518519,0.10628846400877644,0.9344262295081968,FALSE,0.9125039217867351,1453,1
3,100,21,20,0.75,0.1,0,TRUE,confirmed,0,31,51,71,0.5,1.2,smooth,FALSE,FALSE,t_20_21_R_3_init_100_week_0.75_norm_0.1_timevar_FALSE_FALSE_fixed_FALSE_misdelay_0.csv,/Users/jana/Documents/PhD/covid/Re_project/paper_sim/estimated/smooth/confirmed,/Users/jana/Documents/PhD/covid/Re_project/paper_sim/simulated/confirmed,/infection_t_20_21_R_3_init_100_week_0.75_norm_0.1_timevar_FALSE_FALSE_fixed_TRUE_misdelay_0.csv,/Re_t_20_21_R_3_init_100_week_0.75_norm_0.1_timevar_FALSE_FALSE_fixed_TRUE_misdelay_0.csv,TRUE,TRUE,305814,982169,0.31325785278110224,-0.0950938787036681,6,0.12698412698412698,0.10918742386246405,0.7966101694915254,0.1326652073161732,0.6774193548387096,FALSE,0.9212307227262199,3777,1
3.5,100,21,20,0.75,0.1,0,TRUE,confirmed,0,31,51,71,0.5,1.2,smooth,FALSE,FALSE,t_20_21_R_3.5_init_100_week_0.75_norm_0.1_timevar_FALSE_FALSE_fixed_FALSE_misdelay_0.csv,/Users/jana/Documents/PhD/covid/Re_project/paper_sim/estimated/smooth/confirmed,/Users/jana/Documents/PhD/covid/Re_project/paper_sim/simulated/confirmed,/infection_t_20_21_R_3.5_init_100_week_0.75_norm_0.1_timevar_FALSE_FALSE_fixed_TRUE_misdelay_0.csv,/Re_t_20_21_R_3.5_init_100_week_0.75_norm_0.1_timevar_FALSE_FALSE_fixed_TRUE_misdelay_0.csv,TRUE,TRUE,306062,982485,0.3536607975276273,-0.09121082201562268,6,0.14285714285714285,0.07416618925263885,0.8,0.14107575579741066,0.6935483870967742,FALSE,0.9277020672821102,8622,1
2.5,1000,21,20,0.75,0.1,0,TRUE,confirmed,0,31,51,71,0.5,1.2,smooth,FALSE,FALSE,t_20_21_R_2.5_init_1000_week_0.75_norm_0.1_timevar_FALSE_FALSE_fixed_FALSE_misdelay_0.csv,/Users/jana/Documents/PhD/covid/Re_project/paper_sim/estimated/smooth/confirmed,/Users/jana/Documents/PhD/covid/Re_project/paper_sim/simulated/confirmed,/infection_t_20_21_R_2.5_init_1000_week_0.75_norm_0.1_timevar_FALSE_FALSE_fixed_TRUE_misdelay_0.csv,/Re_t_20_21_R_2.5_init_1000_week_0.75_norm_0.1_timevar_FALSE_FALSE_fixed_TRUE_misdelay_0.csv,TRUE,TRUE,310379,997586,0.2660891566156509,-0.09007075939805428,5,0.047619047619047616,0.05335295003680551,0.8166666666666667,0.11248456132133021,0.6349206349206349,FALSE,0.9139891799632209,14629,1
3,1000,21,20,0.75,0.1,0,TRUE,confirmed,0,31,51,71,0.5,1.2,smooth,FALSE,FALSE,t_20_21_R_3_init_1000_week_0.75_norm_0.1_timevar_FALSE_FALSE_fixed_FALSE_misdelay_0.csv,/Users/jana/Documents/PhD/covid/Re_project/paper_sim/estimated/smooth/confirmed,/Users/jana/Documents/PhD/covid/Re_project/paper_sim/simulated/confirmed,/infection_t_20_21_R_3_init_1000_week_0.75_norm_0.1_timevar_FALSE_FALSE_fixed_TRUE_misdelay_0.csv,/Re_t_20_21_R_3_init_1000_week_0.75_norm_0.1_timevar_FALSE_FALSE_fixed_TRUE_misdelay_0.csv,TRUE,TRUE,307606,989034,0.3108392526747736,-0.09347555570991935,6,0.047619047619047616,0.03405045182751898,0.8032786885245902,0.12663499274253984,0.5645161290322581,FALSE,0.9221573381881434,37766,1
3.5,1000,21,20,0.75,0.1,0,TRUE,confirmed,0,31,51,71,0.5,1.2,smooth,FALSE,FALSE,t_20_21_R_3.5_init_1000_week_0.75_norm_0.1_timevar_FALSE_FALSE_fixed_FALSE_misdelay_0.csv,/Users/jana/Documents/PhD/covid/Re_project/paper_sim/estimated/smooth/confirmed,/Users/jana/Documents/PhD/covid/Re_project/paper_sim/simulated/confirmed,/infection_t_20_21_R_3.5_init_1000_week_0.75_norm_0.1_timevar_FALSE_FALSE_fixed_TRUE_misdelay_0.csv,/Re_t_20_21_R_3.5_init_1000_week_0.75_norm_0.1_timevar_FALSE_FALSE_fixed_TRUE_misdelay_0.csv,TRUE,TRUE,307712,988985,0.35199538679640086,-0.08296990207972815,6,0.047619047619047616,0.023428288840666722,0.7777777777777778,0.14168369026493338,0.43548387096774194,FALSE,0.9278901045355856,86411,1
2.5,10,26,20,0.75,0.1,0,TRUE,confirmed,0,36,56,76,0.5,1.2,smooth,FALSE,FALSE,t_20_26_R_2.5_init_10_week_0.75_norm_0.1_timevar_FALSE_FALSE_fixed_FALSE_misdelay_0.csv,/Users/jana/Documents/PhD/covid/Re_project/paper_sim/estimated/smooth/confirmed,/Users/jana/Documents/PhD/covid/Re_project/paper_sim/simulated/confirmed,/infection_t_20_26_R_2.5_init_10_week_0.75_norm_0.1_timevar_FALSE_FALSE_fixed_TRUE_misdelay_0.csv,/Re_t_20_26_R_2.5_init_10_week_0.75_norm_0.1_timevar_FALSE_FALSE_fixed_TRUE_misdelay_0.csv,TRUE,TRUE,307309,965666,0.24203190371163047,-0.074975124916232,4,0.46774193548387094,0.38941215585116146,0.8780487804878049,0.05576899531473236,0.9180327868852459,FALSE,0.7053094286038424,172,6
3,10,26,20,0.75,0.1,0,TRUE,confirmed,0,36,56,76,0.5,1.2,smooth,FALSE,FALSE,t_20_26_R_3_init_10_week_0.75_norm_0.1_timevar_FALSE_FALSE_fixed_FALSE_misdelay_0.csv,/Users/jana/Documents/PhD/covid/Re_project/paper_sim/estimated/smooth/confirmed,/Users/jana/Documents/PhD/covid/Re_project/paper_sim/simulated/confirmed,/infection_t_20_26_R_3_init_10_week_0.75_norm_0.1_timevar_FALSE_FALSE_fixed_TRUE_misdelay_0.csv,/Re_t_20_26_R_3_init_10_week_0.75_norm_0.1_timevar_FALSE_FALSE_fixed_TRUE_misdelay_0.csv,TRUE,TRUE,322064,1000779,0.24790815886900153,-0.07053966175246895,5,0.359375,0.24629409251382767,0.8653846153846154,0.058658113209301074,0.8888888888888888,FALSE,0.6984659661215902,525,6
3.5,10,26,20,0.75,0.1,0,TRUE,confirmed,0,36,56,76,0.5,1.2,smooth,FALSE,FALSE,t_20_26_R_3.5_init_10_week_0.75_norm_0.1_timevar_FALSE_FALSE_fixed_FALSE_misdelay_0.csv,/Users/jana/Documents/PhD/covid/Re_project/paper_sim/estimated/smooth/confirmed,/Users/jana/Documents/PhD/covid/Re_project/paper_sim/simulated/confirmed,/infection_t_20_26_R_3.5_init_10_week_0.75_norm_0.1_timevar_FALSE_FALSE_fixed_TRUE_misdelay_0.csv,/Re_t_20_26_R_3.5_init_10_week_0.75_norm_0.1_timevar_FALSE_FALSE_fixed_TRUE_misdelay_0.csv,TRUE,TRUE,311164,986304,0.2811654632896009,-0.07024626127351206,6,0.265625,0.16012453609847527,0.8070175438596491,0.06453623410326655,0.8064516129032258,FALSE,0.6955641591913734,1320,6
2.5,100,26,20,0.75,0.1,0,TRUE,confirmed,0,36,56,76,0.5,1.2,smooth,FALSE,FALSE,t_20_26_R_2.5_init_100_week_0.75_norm_0.1_timevar_FALSE_FALSE_fixed_FALSE_misdelay_0.csv,/Users/jana/Documents/PhD/covid/Re_project/paper_sim/estimated/smooth/confirmed,/Users/jana/Documents/PhD/covid/Re_project/paper_sim/simulated/confirmed,/infection_t_20_26_R_2.5_init_100_week_0.75_norm_0.1_timevar_FALSE_FALSE_fixed_TRUE_misdelay_0.csv,/Re_t_20_26_R_2.5_init_100_week_0.75_norm_0.1_timevar_FALSE_FALSE_fixed_TRUE_misdelay_0.csv,TRUE,TRUE,324545,1050438,0.2101772953939245,-0.07043867269789594,4,0.29850746268656714,0.13420873134713474,0.8524590163934426,0.0568245929623101,0.9090909090909091,FALSE,0.6567584162977004,1754,6
3,100,26,20,0.75,0.1,0,TRUE,confirmed,0,36,56,76,0.5,1.2,smooth,FALSE,FALSE,t_20_26_R_3_init_100_week_0.75_norm_0.1_timevar_FALSE_FALSE_fixed_FALSE_misdelay_0.csv,/Users/jana/Documents/PhD/covid/Re_project/paper_sim/estimated/smooth/confirmed,/Users/jana/Documents/PhD/covid/Re_project/paper_sim/simulated/confirmed,/infection_t_20_26_R_3_init_100_week_0.75_norm_0.1_timevar_FALSE_FALSE_fixed_TRUE_misdelay_0.csv,/Re_t_20_26_R_3_init_100_week_0.75_norm_0.1_timevar_FALSE_FALSE_fixed_TRUE_misdelay_0.csv,TRUE,TRUE,327806,1062866,0.2459537957124902,-0.07177334172615149,5,0.25,0.08324398972361896,0.828125,0.059755345968626285,0.5671641791044776,FALSE,0.7210647352242106,5122,6
3.5,100,26,20,0.75,0.1,0,TRUE,confirmed,0,36,56,76,0.5,1.2,smooth,FALSE,FALSE,t_20_26_R_3.5_init_100_week_0.75_norm_0.1_timevar_FALSE_FALSE_fixed_FALSE_misdelay_0.csv,/Users/jana/Documents/PhD/covid/Re_project/paper_sim/estimated/smooth/confirmed,/Users/jana/Documents/PhD/covid/Re_project/paper_sim/simulated/confirmed,/infection_t_20_26_R_3.5_init_100_week_0.75_norm_0.1_timevar_FALSE_FALSE_fixed_TRUE_misdelay_0.csv,/Re_t_20_26_R_3.5_init_100_week_0.75_norm_0.1_timevar_FALSE_FALSE_fixed_TRUE_misdelay_0.csv,TRUE,TRUE,325131,1050825,0.27355489253320603,-0.06785486729824158,6,0.1323529411764706,0.05357067523903386,0.803030303030303,0.07070095440223675,0.5606060606060606,FALSE,0.723004744543438,13161,6
2.5,1000,26,20,0.75,0.1,0,TRUE,confirmed,0,36,56,76,0.5,1.2,smooth,FALSE,FALSE,t_20_26_R_2.5_init_1000_week_0.75_norm_0.1_timevar_FALSE_FALSE_fixed_FALSE_misdelay_0.csv,/Users/jana/Documents/PhD/covid/Re_project/paper_sim/estimated/smooth/confirmed,/Users/jana/Documents/PhD/covid/Re_project/paper_sim/simulated/confirmed,/infection_t_20_26_R_2.5_init_1000_week_0.75_norm_0.1_timevar_FALSE_FALSE_fixed_TRUE_misdelay_0.csv,/Re_t_20_26_R_2.5_init_1000_week_0.75_norm_0.1_timevar_FALSE_FALSE_fixed_TRUE_misdelay_0.csv,TRUE,TRUE,332190,1079142,0.22582869796079852,-0.06679860525971018,4,0.07352941176470588,0.043332899907365996,0.8125,0.06602547175456024,0.9852941176470589,FALSE,0.7078066505155051,17653,6
3,1000,26,20,0.75,0.1,0,TRUE,confirmed,0,36,56,76,0.5,1.2,smooth,FALSE,FALSE,t_20_26_R_3_init_1000_week_0.75_norm_0.1_timevar_FALSE_FALSE_fixed_FALSE_misdelay_0.csv,/Users/jana/Documents/PhD/covid/Re_project/paper_sim/estimated/smooth/confirmed,/Users/jana/Documents/PhD/covid/Re_project/paper_sim/simulated/confirmed,/infection_t_20_26_R_3_init_1000_week_0.75_norm_0.1_timevar_FALSE_FALSE_fixed_TRUE_misdelay_0.csv,/Re_t_20_26_R_3_init_1000_week_0.75_norm_0.1_timevar_FALSE_FALSE_fixed_TRUE_misdelay_0.csv,TRUE,TRUE,329601,1068741,0.24355415319521148,-0.06691899351655593,5,0.029411764705882353,0.025228228801986996,0.8181818181818182,0.06660840427353114,0.9701492537313433,FALSE,0.7137607542984656,51209,6
3.5,1000,26,20,0.75,0.1,0,TRUE,confirmed,0,36,56,76,0.5,1.2,smooth,FALSE,FALSE,t_20_26_R_3.5_init_1000_week_0.75_norm_0.1_timevar_FALSE_FALSE_fixed_FALSE_misdelay_0.csv,/Users/jana/Documents/PhD/covid/Re_project/paper_sim/estimated/smooth/confirmed,/Users/jana/Documents/PhD/covid/Re_project/paper_sim/simulated/confirmed,/infection_t_20_26_R_3.5_init_1000_week_0.75_norm_0.1_timevar_FALSE_FALSE_fixed_TRUE_misdelay_0.csv,/Re_t_20_26_R_3.5_init_1000_week_0.75_norm_0.1_timevar_FALSE_FALSE_fixed_TRUE_misdelay_0.csv,TRUE,TRUE,332917,1078915,0.2730778208998007,-0.05672156489804438,5,0.08823529411764706,0.016834785356545645,0.8088235294117647,0.06904803998632228,0.9117647058823529,FALSE,0.723129274458779,131900,6
2.5,10,31,20,0.75,0.1,0,TRUE,confirmed,0,41,61,81,0.5,1.2,smooth,FALSE,FALSE,t_20_31_R_2.5_init_10_week_0.75_norm_0.1_timevar_FALSE_FALSE_fixed_FALSE_misdelay_0.csv,/Users/jana/Documents/PhD/covid/Re_project/paper_sim/estimated/smooth/confirmed,/Users/jana/Documents/PhD/covid/Re_project/paper_sim/simulated/confirmed,/infection_t_20_31_R_2.5_init_10_week_0.75_norm_0.1_timevar_FALSE_FALSE_fixed_TRUE_misdelay_0.csv,/Re_t_20_31_R_2.5_init_10_week_0.75_norm_0.1_timevar_FALSE_FALSE_fixed_TRUE_misdelay_0.csv,TRUE,TRUE,332773,1050374,0.21198852935787768,-0.06646214233070241,5,0.417910447761194,0.32356302566621653,0.8913043478260869,0.04077941106724724,0.8787878787878788,FALSE,0.5937851094747869,255,11
3,10,31,20,0.75,0.1,0,TRUE,confirmed,0,41,61,81,0.5,1.2,smooth,FALSE,FALSE,t_20_31_R_3_init_10_week_0.75_norm_0.1_timevar_FALSE_FALSE_fixed_FALSE_misdelay_0.csv,/Users/jana/Documents/PhD/covid/Re_project/paper_sim/estimated/smooth/confirmed,/Users/jana/Documents/PhD/covid/Re_project/paper_sim/simulated/confirmed,/infection_t_20_31_R_3_init_10_week_0.75_norm_0.1_timevar_FALSE_FALSE_fixed_TRUE_misdelay_0.csv,/Re_t_20_31_R_3_init_10_week_0.75_norm_0.1_timevar_FALSE_FALSE_fixed_TRUE_misdelay_0.csv,TRUE,TRUE,341619,1077569,0.20412598461001394,-0.03969658266073213,3,0.30434782608695654,0.18446239470482517,0.9016393442622951,0.038533186863977414,0.7205882352941176,FALSE,0.531735673121437,907,11
3.5,10,31,20,0.75,0.1,0,TRUE,confirmed,0,41,61,81,0.5,1.2,smooth,FALSE,FALSE,t_20_31_R_3.5_init_10_week_0.75_norm_0.1_timevar_FALSE_FALSE_fixed_FALSE_misdelay_0.csv,/Users/jana/Documents/PhD/covid/Re_project/paper_sim/estimated/smooth/confirmed,/Users/jana/Documents/PhD/covid/Re_project/paper_sim/simulated/confirmed,/infection_t_20_31_R_3.5_init_10_week_0.75_norm_0.1_timevar_FALSE_FALSE_fixed_TRUE_misdelay_0.csv,/Re_t_20_31_R_3.5_init_10_week_0.75_norm_0.1_timevar_FALSE_FALSE_fixed_TRUE_misdelay_0.csv,TRUE,TRUE,333678,1066873,0.25149897300443563,-0.04762343649617324,5,0.22058823529411764,0.11076228791354992,0.8571428571428571,0.0430908760394232,0.6865671641791045,FALSE,0.5681266829012058,2586,11
2.5,100,31,20,0.75,0.1,0,TRUE,confirmed,0,41,61,81,0.5,1.2,smooth,FALSE,FALSE,t_20_31_R_2.5_init_100_week_0.75_norm_0.1_timevar_FALSE_FALSE_fixed_FALSE_misdelay_0.csv,/Users/jana/Documents/PhD/covid/Re_project/paper_sim/estimated/smooth/confirmed,/Users/jana/Documents/PhD/covid/Re_project/paper_sim/simulated/confirmed,/infection_t_20_31_R_2.5_init_100_week_0.75_norm_0.1_timevar_FALSE_FALSE_fixed_TRUE_misdelay_0.csv,/Re_t_20_31_R_2.5_init_100_week_0.75_norm_0.1_timevar_FALSE_FALSE_fixed_TRUE_misdelay_0.csv,TRUE,TRUE,350586,1143498,0.17285645146675893,-0.04133656796983665,3,0.25,0.11056225946969855,0.8939393939393939,0.04685743231244881,0.9861111111111112,FALSE,0.5103580414713067,2608,11
3,100,31,20,0.75,0.1,0,TRUE,confirmed,0,41,61,81,0.5,1.2,smooth,FALSE,FALSE,t_20_31_R_3_init_100_week_0.75_norm_0.1_timevar_FALSE_FALSE_fixed_FALSE_misdelay_0.csv,/Users/jana/Documents/PhD/covid/Re_project/paper_sim/estimated/smooth/confirmed,/Users/jana/Documents/PhD/covid/Re_project/paper_sim/simulated/confirmed,/infection_t_20_31_R_3_init_100_week_0.75_norm_0.1_timevar_FALSE_FALSE_fixed_TRUE_misdelay_0.csv,/Re_t_20_31_R_3_init_100_week_0.75_norm_0.1_timevar_FALSE_FALSE_fixed_TRUE_misdelay_0.csv,TRUE,TRUE,347619,1131222,0.1871263713548533,-0.05094611239682168,4,0.2222222222222222,0.06401437867537879,0.8676470588235294,0.04525987030284976,1,FALSE,0.5054263658463508,8838,11
3.5,100,31,20,0.75,0.1,0,TRUE,confirmed,0,41,61,81,0.5,1.2,smooth,FALSE,FALSE,t_20_31_R_3.5_init_100_week_0.75_norm_0.1_timevar_FALSE_FALSE_fixed_FALSE_misdelay_0.csv,/Users/jana/Documents/PhD/covid/Re_project/paper_sim/estimated/smooth/confirmed,/Users/jana/Documents/PhD/covid/Re_project/paper_sim/simulated/confirmed,/infection_t_20_31_R_3.5_init_100_week_0.75_norm_0.1_timevar_FALSE_FALSE_fixed_TRUE_misdelay_0.csv,/Re_t_20_31_R_3.5_init_100_week_0.75_norm_0.1_timevar_FALSE_FALSE_fixed_TRUE_misdelay_0.csv,TRUE,TRUE,347166,1131123,0.19178267659398096,-0.04411429777236629,4,0.1780821917808219,0.03834656961088734,0.8591549295774648,0.05146069544049279,0.9436619718309859,FALSE,0.493345910370994,25774,11
2.5,1000,31,20,0.75,0.1,0,TRUE,confirmed,0,41,61,81,0.5,1.2,smooth,FALSE,FALSE,t_20_31_R_2.5_init_1000_week_0.75_norm_0.1_timevar_FALSE_FALSE_fixed_FALSE_misdelay_0.csv,/Users/jana/Documents/PhD/covid/Re_project/paper_sim/estimated/smooth/confirmed,/Users/jana/Documents/PhD/covid/Re_project/paper_sim/simulated/confirmed,/infection_t_20_31_R_2.5_init_1000_week_0.75_norm_0.1_timevar_FALSE_FALSE_fixed_TRUE_misdelay_0.csv,/Re_t_20_31_R_2.5_init_1000_week_0.75_norm_0.1_timevar_FALSE_FALSE_fixed_TRUE_misdelay_0.csv,TRUE,TRUE,351798,1148450,0.17103817001783897,-0.06151553908130271,5,0.1232876712328767,0.03645773292099497,0.8571428571428571,0.04077201636942669,1,FALSE,0.4834698965119165,26257,11
3,1000,31,20,0.75,0.1,0,TRUE,confirmed,0,41,61,81,0.5,1.2,smooth,FALSE,FALSE,t_20_31_R_3_init_1000_week_0.75_norm_0.1_timevar_FALSE_FALSE_fixed_FALSE_misdelay_0.csv,/Users/jana/Documents/PhD/covid/Re_project/paper_sim/estimated/smooth/confirmed,/Users/jana/Documents/PhD/covid/Re_project/paper_sim/simulated/confirmed,/infection_t_20_31_R_3_init_1000_week_0.75_norm_0.1_timevar_FALSE_FALSE_fixed_TRUE_misdelay_0.csv,/Re_t_20_31_R_3_init_1000_week_0.75_norm_0.1_timevar_FALSE_FALSE_fixed_TRUE_misdelay_0.csv,TRUE,TRUE,352258,1148279,0.20126064712249425,-0.03643036132647737,3,0.0273972602739726,0.020048166158823655,0.863013698630137,0.05270703739002938,0.9305555555555556,FALSE,0.534413571957356,88363,11
3.5,1000,31,20,0.75,0.1,0,TRUE,confirmed,0,41,61,81,0.5,1.2,smooth,FALSE,FALSE,t_20_31_R_3.5_init_1000_week_0.75_norm_0.1_timevar_FALSE_FALSE_fixed_FALSE_misdelay_0.csv,/Users/jana/Documents/PhD/covid/Re_project/paper_sim/estimated/smooth/confirmed,/Users/jana/Documents/PhD/covid/Re_project/paper_sim/simulated/confirmed,/infection_t_20_31_R_3.5_init_1000_week_0.75_norm_0.1_timevar_FALSE_FALSE_fixed_TRUE_misdelay_0.csv,/Re_t_20_31_R_3.5_init_1000_week_0.75_norm_0.1_timevar_FALSE_FALSE_fixed_TRUE_misdelay_0.csv,TRUE,TRUE,351828,1148275,0.20295338382875905,-0.051926710176560094,5,0.0410958904109589,0.012226390221401706,0.8356164383561644,0.05393432300585508,0.8888888888888888,FALSE,0.5326488084883325,258317,11
2.5,10,36,20,0.75,0.1,0,TRUE,confirmed,0,46,66,86,0.5,1.2,smooth,FALSE,FALSE,t_20_36_R_2.5_init_10_week_0.75_norm_0.1_timevar_FALSE_FALSE_fixed_FALSE_misdelay_0.csv,/Users/jana/Documents/PhD/covid/Re_project/paper_sim/estimated/smooth/confirmed,/Users/jana/Documents/PhD/covid/Re_project/paper_sim/simulated/confirmed,/infection_t_20_36_R_2.5_init_10_week_0.75_norm_0.1_timevar_FALSE_FALSE_fixed_TRUE_misdelay_0.csv,/Re_t_20_36_R_2.5_init_10_week_0.75_norm_0.1_timevar_FALSE_FALSE_fixed_TRUE_misdelay_0.csv,TRUE,TRUE,360777,1139615,0.15722212951571782,-0.03312327988261195,3,0.4520547945205479,0.2695453772964207,0.9152542372881356,0.03028208282419373,0.8888888888888888,FALSE,0.4232823292685069,392,16
3,10,36,20,0.75,0.1,0,TRUE,confirmed,0,46,66,86,0.5,1.2,smooth,FALSE,FALSE,t_20_36_R_3_init_10_week_0.75_norm_0.1_timevar_FALSE_FALSE_fixed_FALSE_misdelay_0.csv,/Users/jana/Documents/PhD/covid/Re_project/paper_sim/estimated/smooth/confirmed,/Users/jana/Documents/PhD/covid/Re_project/paper_sim/simulated/confirmed,/infection_t_20_36_R_3_init_10_week_0.75_norm_0.1_timevar_FALSE_FALSE_fixed_TRUE_misdelay_0.csv,/Re_t_20_36_R_3_init_10_week_0.75_norm_0.1_timevar_FALSE_FALSE_fixed_TRUE_misdelay_0.csv,TRUE,TRUE,363958,1157033,0.1727077443872528,-0.042961958818432115,4,0.2972972972972973,0.14650513847912816,0.8656716417910447,0.035456332340160386,0.9452054794520548,FALSE,0.4180394879684869,1601,16
3.5,10,36,20,0.75,0.1,0,TRUE,confirmed,0,46,66,86,0.5,1.2,smooth,FALSE,FALSE,t_20_36_R_3.5_init_10_week_0.75_norm_0.1_timevar_FALSE_FALSE_fixed_FALSE_misdelay_0.csv,/Users/jana/Documents/PhD/covid/Re_project/paper_sim/estimated/smooth/confirmed,/Users/jana/Documents/PhD/covid/Re_project/paper_sim/simulated/confirmed,/infection_t_20_36_R_3.5_init_10_week_0.75_norm_0.1_timevar_FALSE_FALSE_fixed_TRUE_misdelay_0.csv,/Re_t_20_36_R_3.5_init_10_week_0.75_norm_0.1_timevar_FALSE_FALSE_fixed_TRUE_misdelay_0.csv,TRUE,TRUE,365844,1162976,0.17552617476845295,-0.03577666247337916,4,0.17567567567567569,0.08206289853395426,0.8571428571428571,0.041532467207209586,0.9726027397260274,FALSE,0.39433146109604506,5222,16
2.5,100,36,20,0.75,0.1,0,TRUE,confirmed,0,46,66,86,0.5,1.2,smooth,FALSE,FALSE,t_20_36_R_2.5_init_100_week_0.75_norm_0.1_timevar_FALSE_FALSE_fixed_FALSE_misdelay_0.csv,/Users/jana/Documents/PhD/covid/Re_project/paper_sim/estimated/smooth/confirmed,/Users/jana/Documents/PhD/covid/Re_project/paper_sim/simulated/confirmed,/infection_t_20_36_R_2.5_init_100_week_0.75_norm_0.1_timevar_FALSE_FALSE_fixed_TRUE_misdelay_0.csv,/Re_t_20_36_R_2.5_init_100_week_0.75_norm_0.1_timevar_FALSE_FALSE_fixed_TRUE_misdelay_0.csv,TRUE,TRUE,372037,1221991,0.16035209669203146,-0.05026406555929019,4,0.19480519480519481,0.0879379040449697,0.8493150684931506,0.04299654984010463,0.961038961038961,FALSE,0.40909140129445154,4001,16
3,100,36,20,0.75,0.1,0,TRUE,confirmed,0,46,66,86,0.5,1.2,smooth,FALSE,FALSE,t_20_36_R_3_init_100_week_0.75_norm_0.1_timevar_FALSE_FALSE_fixed_FALSE_misdelay_0.csv,/Users/jana/Documents/PhD/covid/Re_project/paper_sim/estimated/smooth/confirmed,/Users/jana/Documents/PhD/covid/Re_project/paper_sim/simulated/confirmed,/infection_t_20_36_R_3_init_100_week_0.75_norm_0.1_timevar_FALSE_FALSE_fixed_TRUE_misdelay_0.csv,/Re_t_20_36_R_3_init_100_week_0.75_norm_0.1_timevar_FALSE_FALSE_fixed_TRUE_misdelay_0.csv,TRUE,TRUE,375987,1230842,0.16076661682238785,-0.03873854221769667,4,0.14102564102564102,0.04837887813963959,0.8552631578947368,0.05003332095838912,0.9102564102564102,FALSE,0.38847773572184,15608,16
3.5,100,36,20,0.75,0.1,0,TRUE,confirmed,0,46,66,86,0.5,1.2,smooth,FALSE,FALSE,t_20_36_R_3.5_init_100_week_0.75_norm_0.1_timevar_FALSE_FALSE_fixed_FALSE_misdelay_0.csv,/Users/jana/Documents/PhD/covid/Re_project/paper_sim/estimated/smooth/confirmed,/Users/jana/Documents/PhD/covid/Re_project/paper_sim/simulated/confirmed,/infection_t_20_36_R_3.5_init_100_week_0.75_norm_0.1_timevar_FALSE_FALSE_fixed_TRUE_misdelay_0.csv,/Re_t_20_36_R_3.5_init_100_week_0.75_norm_0.1_timevar_FALSE_FALSE_fixed_TRUE_misdelay_0.csv,TRUE,TRUE,371934,1221742,0.18167703504374147,-0.04039696549874493,4,0.15384615384615385,0.027304100077016058,0.8461538461538461,0.04932137708249607,0.961038961038961,FALSE,0.4392167173978874,52050,16
2.5,1000,36,20,0.75,0.1,0,TRUE,confirmed,0,46,66,86,0.5,1.2,smooth,FALSE,FALSE,t_20_36_R_2.5_init_1000_week_0.75_norm_0.1_timevar_FALSE_FALSE_fixed_FALSE_misdelay_0.csv,/Users/jana/Documents/PhD/covid/Re_project/paper_sim/estimated/smooth/confirmed,/Users/jana/Documents/PhD/covid/Re_project/paper_sim/simulated/confirmed,/infection_t_20_36_R_2.5_init_1000_week_0.75_norm_0.1_timevar_FALSE_FALSE_fixed_TRUE_misdelay_0.csv,/Re_t_20_36_R_2.5_init_1000_week_0.75_norm_0.1_timevar_FALSE_FALSE_fixed_TRUE_misdelay_0.csv,TRUE,TRUE,373438,1228031,0.15075562413094343,-0.051030193173418274,4,0.08974358974358974,0.029305911287867636,0.8571428571428571,0.043928059437222104,0.9090909090909091,FALSE,0.37261294097559045,40270,16
3,1000,36,20,0.75,0.1,0,TRUE,confirmed,0,46,66,86,0.5,1.2,smooth,FALSE,FALSE,t_20_36_R_3_init_1000_week_0.75_norm_0.1_timevar_FALSE_FALSE_fixed_FALSE_misdelay_0.csv,/Users/jana/Documents/PhD/covid/Re_project/paper_sim/estimated/smooth/confirmed,/Users/jana/Documents/PhD/covid/Re_project/paper_sim/simulated/confirmed,/infection_t_20_36_R_3_init_1000_week_0.75_norm_0.1_timevar_FALSE_FALSE_fixed_TRUE_misdelay_0.csv,/Re_t_20_36_R_3_init_1000_week_0.75_norm_0.1_timevar_FALSE_FALSE_fixed_TRUE_misdelay_0.csv,TRUE,TRUE,373356,1227914,0.16959836205319126,-0.044604810499176785,4,0.05128205128205128,0.015514126616758661,0.8441558441558441,0.05125422516210348,0.987012987012987,FALSE,0.4095390578906236,156050,16
3.5,1000,36,20,0.75,0.1,0,TRUE,confirmed,0,46,66,86,0.5,1.2,smooth,FALSE,FALSE,t_20_36_R_3.5_init_1000_week_0.75_norm_0.1_timevar_FALSE_FALSE_fixed_FALSE_misdelay_0.csv,/Users/jana/Documents/PhD/covid/Re_project/paper_sim/estimated/smooth/confirmed,/Users/jana/Documents/PhD/covid/Re_project/paper_sim/simulated/confirmed,/infection_t_20_36_R_3.5_init_1000_week_0.75_norm_0.1_timevar_FALSE_FALSE_fixed_TRUE_misdelay_0.csv,/Re_t_20_36_R_3.5_init_1000_week_0.75_norm_0.1_timevar_FALSE_FALSE_fixed_TRUE_misdelay_0.csv,TRUE,TRUE,375910,1236996,0.1792076144414701,-0.03490657595429681,4,0.05128205128205128,0.008654252670283857,0.8571428571428571,0.053534142961874434,0.717948717948718,FALSE,0.4294145054001928,521647,16
2.5,10,21,20,0.75,0.1,0,FALSE,confirmed,0,31,51,71,0.5,1.2,smooth,FALSE,FALSE,t_20_21_R_2.5_init_10_week_0.75_norm_0.1_timevar_FALSE_FALSE_fixed_FALSE_misdelay_0.csv,/Users/jana/Documents/PhD/covid/Re_project/paper_sim/estimated/smooth/confirmed,/Users/jana/Documents/PhD/covid/Re_project/paper_sim/simulated/confirmed,/infection_t_20_21_R_2.5_init_10_week_0.75_norm_0.1_timevar_FALSE_FALSE_fixed_FALSE_misdelay_0.csv,/Re_t_20_21_R_2.5_init_10_week_0.75_norm_0.1_timevar_FALSE_FALSE_fixed_FALSE_misdelay_0.csv,TRUE,TRUE,254198,893056,0.30614243910186756,-0.050390279902210705,2,0.6666666666666666,0.5119208062612003,1,0.09207863605850086,0.9122807017543859,FALSE,0.9130658526847883,142,1
3,10,21,20,0.75,0.1,0,FALSE,confirmed,0,31,51,71,0.5,1.2,smooth,FALSE,FALSE,t_20_21_R_3_init_10_week_0.75_norm_0.1_timevar_FALSE_FALSE_fixed_FALSE_misdelay_0.csv,/Users/jana/Documents/PhD/covid/Re_project/paper_sim/estimated/smooth/confirmed,/Users/jana/Documents/PhD/covid/Re_project/paper_sim/simulated/confirmed,/infection_t_20_21_R_3_init_10_week_0.75_norm_0.1_timevar_FALSE_FALSE_fixed_FALSE_misdelay_0.csv,/Re_t_20_21_R_3_init_10_week_0.75_norm_0.1_timevar_FALSE_FALSE_fixed_FALSE_misdelay_0.csv,TRUE,TRUE,255491,907177,0.3284047368056103,-0.02943234739871379,3,0.6551724137931034,0.3451785762606752,0.9705882352941176,0.09833899822399711,0.896551724137931,FALSE,0.9024990623310016,387,1
3.5,10,21,20,0.75,0.1,0,FALSE,confirmed,0,31,51,71,0.5,1.2,smooth,FALSE,FALSE,t_20_21_R_3.5_init_10_week_0.75_norm_0.1_timevar_FALSE_FALSE_fixed_FALSE_misdelay_0.csv,/Users/jana/Documents/PhD/covid/Re_project/paper_sim/estimated/smooth/confirmed,/Users/jana/Documents/PhD/covid/Re_project/paper_sim/simulated/confirmed,/infection_t_20_21_R_3.5_init_10_week_0.75_norm_0.1_timevar_FALSE_FALSE_fixed_FALSE_misdelay_0.csv,/Re_t_20_21_R_3.5_init_10_week_0.75_norm_0.1_timevar_FALSE_FALSE_fixed_FALSE_misdelay_0.csv,TRUE,TRUE,258131,917672,0.40150547594502645,-0.03734394739827119,3,0.5172413793103449,0.23821165299177366,0.9545454545454546,0.11083461539212776,0.9827586206896551,FALSE,0.9190682494335748,865,1
2.5,100,21,20,0.75,0.1,0,FALSE,confirmed,0,31,51,71,0.5,1.2,smooth,FALSE,FALSE,t_20_21_R_2.5_init_100_week_0.75_norm_0.1_timevar_FALSE_FALSE_fixed_FALSE_misdelay_0.csv,/Users/jana/Documents/PhD/covid/Re_project/paper_sim/estimated/smooth/confirmed,/Users/jana/Documents/PhD/covid/Re_project/paper_sim/simulated/confirmed,/infection_t_20_21_R_2.5_init_100_week_0.75_norm_0.1_timevar_FALSE_FALSE_fixed_FALSE_misdelay_0.csv,/Re_t_20_21_R_2.5_init_100_week_0.75_norm_0.1_timevar_FALSE_FALSE_fixed_FALSE_misdelay_0.csv,TRUE,TRUE,264580,956876,0.26188770165615516,-0.052420745743191936,2,0.4166666666666667,0.16922206054892375,0.9629629629629629,0.08395271034920042,0.9666666666666667,FALSE,0.8958938703738659,1453,1
3,100,21,20,0.75,0.1,0,FALSE,confirmed,0,31,51,71,0.5,1.2,smooth,FALSE,FALSE,t_20_21_R_3_init_100_week_0.75_norm_0.1_timevar_FALSE_FALSE_fixed_FALSE_misdelay_0.csv,/Users/jana/Documents/PhD/covid/Re_project/paper_sim/estimated/smooth/confirmed,/Users/jana/Documents/PhD/covid/Re_project/paper_sim/simulated/confirmed,/infection_t_20_21_R_3_init_100_week_0.75_norm_0.1_timevar_FALSE_FALSE_fixed_FALSE_misdelay_0.csv,/Re_t_20_21_R_3_init_100_week_0.75_norm_0.1_timevar_FALSE_FALSE_fixed_FALSE_misdelay_0.csv,TRUE,TRUE,266362,965318,0.3157826694150486,-0.04610485224589686,3,0.2459016393442623,0.10966836925336043,0.9137931034482759,0.10666974185705362,0.9672131147540983,FALSE,0.9068751330273962,3777,1
3.5,100,21,20,0.75,0.1,0,FALSE,confirmed,0,31,51,71,0.5,1.2,smooth,FALSE,FALSE,t_20_21_R_3.5_init_100_week_0.75_norm_0.1_timevar_FALSE_FALSE_fixed_FALSE_misdelay_0.csv,/Users/jana/Documents/PhD/covid/Re_project/paper_sim/estimated/smooth/confirmed,/Users/jana/Documents/PhD/covid/Re_project/paper_sim/simulated/confirmed,/infection_t_20_21_R_3.5_init_100_week_0.75_norm_0.1_timevar_FALSE_FALSE_fixed_FALSE_misdelay_0.csv,/Re_t_20_21_R_3.5_init_100_week_0.75_norm_0.1_timevar_FALSE_FALSE_fixed_FALSE_misdelay_0.csv,TRUE,TRUE,266661,967041,0.3695272548596231,-0.04765371844988123,3,0.16393442622950818,0.0740918953003259,0.9137931034482759,0.11516945669972457,0.9836065573770492,FALSE,0.9150720695071688,8622,1
2.5,1000,21,20,0.75,0.1,0,FALSE,confirmed,0,31,51,71,0.5,1.2,smooth,FALSE,FALSE,t_20_21_R_2.5_init_1000_week_0.75_norm_0.1_timevar_FALSE_FALSE_fixed_FALSE_misdelay_0.csv,/Users/jana/Documents/PhD/covid/Re_project/paper_sim/estimated/smooth/confirmed,/Users/jana/Documents/PhD/covid/Re_project/paper_sim/simulated/confirmed,/infection_t_20_21_R_2.5_init_1000_week_0.75_norm_0.1_timevar_FALSE_FALSE_fixed_FALSE_misdelay_0.csv,/Re_t_20_21_R_2.5_init_1000_week_0.75_norm_0.1_timevar_FALSE_FALSE_fixed_FALSE_misdelay_0.csv,TRUE,TRUE,271119,983487,0.25919224135994257,-0.03932856566283707,2,0.12903225806451613,0.055889142810703674,0.9344262295081968,0.08687523045225379,0.4838709677419355,FALSE,0.8899276951393768,14629,1
3,1000,21,20,0.75,0.1,0,FALSE,confirmed,0,31,51,71,0.5,1.2,smooth,FALSE,FALSE,t_20_21_R_3_init_1000_week_0.75_norm_0.1_timevar_FALSE_FALSE_fixed_FALSE_misdelay_0.csv,/Users/jana/Documents/PhD/covid/Re_project/paper_sim/estimated/smooth/confirmed,/Users/jana/Documents/PhD/covid/Re_project/paper_sim/simulated/confirmed,/infection_t_20_21_R_3_init_1000_week_0.75_norm_0.1_timevar_FALSE_FALSE_fixed_FALSE_misdelay_0.csv,/Re_t_20_21_R_3_init_1000_week_0.75_norm_0.1_timevar_FALSE_FALSE_fixed_FALSE_misdelay_0.csv,TRUE,TRUE,268046,972452,0.30373306491372043,-0.04224862666153584,3,0.09836065573770492,0.035708056805311306,0.9322033898305084,0.09280326560546437,0.8852459016393442,FALSE,0.9015964170990814,37766,1
3.5,1000,21,20,0.75,0.1,0,FALSE,confirmed,0,31,51,71,0.5,1.2,smooth,FALSE,FALSE,t_20_21_R_3.5_init_1000_week_0.75_norm_0.1_timevar_FALSE_FALSE_fixed_FALSE_misdelay_0.csv,/Users/jana/Documents/PhD/covid/Re_project/paper_sim/estimated/smooth/confirmed,/Users/jana/Documents/PhD/covid/Re_project/paper_sim/simulated/confirmed,/infection_t_20_21_R_3.5_init_1000_week_0.75_norm_0.1_timevar_FALSE_FALSE_fixed_FALSE_misdelay_0.csv,/Re_t_20_21_R_3.5_init_1000_week_0.75_norm_0.1_timevar_FALSE_FALSE_fixed_FALSE_misdelay_0.csv,TRUE,TRUE,267657,971829,0.35074379274102846,-0.031038693148392037,3,0,0.023736599847148376,0.9166666666666666,0.1118356941446113,0.819672131147541,FALSE,0.9109414641846397,86411,1
2.5,10,26,20,0.75,0.1,0,FALSE,confirmed,0,36,56,76,0.5,1.2,smooth,FALSE,FALSE,t_20_26_R_2.5_init_10_week_0.75_norm_0.1_timevar_FALSE_FALSE_fixed_FALSE_misdelay_0.csv,/Users/jana/Documents/PhD/covid/Re_project/paper_sim/estimated/smooth/confirmed,/Users/jana/Documents/PhD/covid/Re_project/paper_sim/simulated/confirmed,/infection_t_20_26_R_2.5_init_10_week_0.75_norm_0.1_timevar_FALSE_FALSE_fixed_FALSE_misdelay_0.csv,/Re_t_20_26_R_2.5_init_10_week_0.75_norm_0.1_timevar_FALSE_FALSE_fixed_FALSE_misdelay_0.csv,TRUE,TRUE,267707,954808,0.23650566038936172,-0.033778310810112705,1,0.6333333333333333,0.4054034895785622,0.9772727272727273,0.05389562916877539,0.9666666666666667,FALSE,0.6628863438724208,172,6
3,10,26,20,0.75,0.1,0,FALSE,confirmed,0,36,56,76,0.5,1.2,smooth,FALSE,FALSE,t_20_26_R_3_init_10_week_0.75_norm_0.1_timevar_FALSE_FALSE_fixed_FALSE_misdelay_0.csv,/Users/jana/Documents/PhD/covid/Re_project/paper_sim/estimated/smooth/confirmed,/Users/jana/Documents/PhD/covid/Re_project/paper_sim/simulated/confirmed,/infection_t_20_26_R_3_init_10_week_0.75_norm_0.1_timevar_FALSE_FALSE_fixed_FALSE_misdelay_0.csv,/Re_t_20_26_R_3_init_10_week_0.75_norm_0.1_timevar_FALSE_FALSE_fixed_FALSE_misdelay_0.csv,TRUE,TRUE,280427,994182,0.23372386823863384,-0.029623508596896914,2,0.49206349206349204,0.26343744277878844,0.9629629629629629,0.048564475679323364,0.9365079365079365,FALSE,0.6525874247218955,525,6
3.5,10,26,20,0.75,0.1,0,FALSE,confirmed,0,36,56,76,0.5,1.2,smooth,FALSE,FALSE,t_20_26_R_3.5_init_10_week_0.75_norm_0.1_timevar_FALSE_FALSE_fixed_FALSE_misdelay_0.csv,/Users/jana/Documents/PhD/covid/Re_project/paper_sim/estimated/smooth/confirmed,/Users/jana/Documents/PhD/covid/Re_project/paper_sim/simulated/confirmed,/infection_t_20_26_R_3.5_init_10_week_0.75_norm_0.1_timevar_FALSE_FALSE_fixed_FALSE_misdelay_0.csv,/Re_t_20_26_R_3.5_init_10_week_0.75_norm_0.1_timevar_FALSE_FALSE_fixed_FALSE_misdelay_0.csv,TRUE,TRUE,270916,972849,0.26874793164332345,-0.0246109298662153,3,0.4098360655737705,0.16862750217911437,0.9444444444444444,0.05002476121556482,0.7704918032786885,FALSE,0.6306219805091362,1320,6
2.5,100,26,20,0.75,0.1,0,FALSE,confirmed,0,36,56,76,0.5,1.2,smooth,FALSE,FALSE,t_20_26_R_2.5_init_100_week_0.75_norm_0.1_timevar_FALSE_FALSE_fixed_FALSE_misdelay_0.csv,/Users/jana/Documents/PhD/covid/Re_project/paper_sim/estimated/smooth/confirmed,/Users/jana/Documents/PhD/covid/Re_project/paper_sim/simulated/confirmed,/infection_t_20_26_R_2.5_init_100_week_0.75_norm_0.1_timevar_FALSE_FALSE_fixed_FALSE_misdelay_0.csv,/Re_t_20_26_R_2.5_init_100_week_0.75_norm_0.1_timevar_FALSE_FALSE_fixed_FALSE_misdelay_0.csv,TRUE,TRUE,283061,1033241,0.19069807708150013,-0.025610901338580353,1,0.4153846153846154,0.14717914912395003,0.9830508474576272,0.04727756366254866,0.8923076923076924,FALSE,0.589322169378338,1754,6
3,100,26,20,0.75,0.1,0,FALSE,confirmed,0,36,56,76,0.5,1.2,smooth,FALSE,FALSE,t_20_26_R_3_init_100_week_0.75_norm_0.1_timevar_FALSE_FALSE_fixed_FALSE_misdelay_0.csv,/Users/jana/Documents/PhD/covid/Re_project/paper_sim/estimated/smooth/confirmed,/Users/jana/Documents/PhD/covid/Re_project/paper_sim/simulated/confirmed,/infection_t_20_26_R_3_init_100_week_0.75_norm_0.1_timevar_FALSE_FALSE_fixed_FALSE_misdelay_0.csv,/Re_t_20_26_R_3_init_100_week_0.75_norm_0.1_timevar_FALSE_FALSE_fixed_FALSE_misdelay_0.csv,TRUE,TRUE,285585,1045866,0.2409117235361386,-0.03375583372634656,2,0.2878787878787879,0.08720085758740698,0.953125,0.05638296673791022,0.6212121212121212,FALSE,0.6599194767668727,5122,6
3.5,100,26,20,0.75,0.1,0,FALSE,confirmed,0,36,56,76,0.5,1.2,smooth,FALSE,FALSE,t_20_26_R_3.5_init_100_week_0.75_norm_0.1_timevar_FALSE_FALSE_fixed_FALSE_misdelay_0.csv,/Users/jana/Documents/PhD/covid/Re_project/paper_sim/estimated/smooth/confirmed,/Users/jana/Documents/PhD/covid/Re_project/paper_sim/simulated/confirmed,/infection_t_20_26_R_3.5_init_100_week_0.75_norm_0.1_timevar_FALSE_FALSE_fixed_FALSE_misdelay_0.csv,/Re_t_20_26_R_3.5_init_100_week_0.75_norm_0.1_timevar_FALSE_FALSE_fixed_FALSE_misdelay_0.csv,TRUE,TRUE,283436,1034478,0.266629751179198,-0.021758408945350367,3,0.16923076923076924,0.05554072012902955,0.9516129032258065,0.055887589499880305,0.8923076923076924,FALSE,0.6584493170347754,13161,6
2.5,1000,26,20,0.75,0.1,0,FALSE,confirmed,0,36,56,76,0.5,1.2,smooth,FALSE,FALSE,t_20_26_R_2.5_init_1000_week_0.75_norm_0.1_timevar_FALSE_FALSE_fixed_FALSE_misdelay_0.csv,/Users/jana/Documents/PhD/covid/Re_project/paper_sim/estimated/smooth/confirmed,/Users/jana/Documents/PhD/covid/Re_project/paper_sim/simulated/confirmed,/infection_t_20_26_R_2.5_init_1000_week_0.75_norm_0.1_timevar_FALSE_FALSE_fixed_FALSE_misdelay_0.csv,/Re_t_20_26_R_2.5_init_1000_week_0.75_norm_0.1_timevar_FALSE_FALSE_fixed_FALSE_misdelay_0.csv,TRUE,TRUE,290230,1062852,0.20810548473507823,-0.02089537936590575,1,0.08955223880597014,0.04794413750138404,0.9692307692307692,0.0564641076547938,0.9552238805970149,FALSE,0.6382634589797934,17653,6
3,1000,26,20,0.75,0.1,0,FALSE,confirmed,0,36,56,76,0.5,1.2,smooth,FALSE,FALSE,t_20_26_R_3_init_1000_week_0.75_norm_0.1_timevar_FALSE_FALSE_fixed_FALSE_misdelay_0.csv,/Users/jana/Documents/PhD/covid/Re_project/paper_sim/estimated/smooth/confirmed,/Users/jana/Documents/PhD/covid/Re_project/paper_sim/simulated/confirmed,/infection_t_20_26_R_3_init_1000_week_0.75_norm_0.1_timevar_FALSE_FALSE_fixed_FALSE_misdelay_0.csv,/Re_t_20_26_R_3_init_1000_week_0.75_norm_0.1_timevar_FALSE_FALSE_fixed_FALSE_misdelay_0.csv,TRUE,TRUE,287198,1052615,0.233193685230782,-0.02268738591676032,1,0.07575757575757576,0.02684468749245217,0.9384615384615385,0.058886006248694014,0.8636363636363636,FALSE,0.6511600941424874,51209,6
3.5,1000,26,20,0.75,0.1,0,FALSE,confirmed,0,36,56,76,0.5,1.2,smooth,FALSE,FALSE,t_20_26_R_3.5_init_1000_week_0.75_norm_0.1_timevar_FALSE_FALSE_fixed_FALSE_misdelay_0.csv,/Users/jana/Documents/PhD/covid/Re_project/paper_sim/estimated/smooth/confirmed,/Users/jana/Documents/PhD/covid/Re_project/paper_sim/simulated/confirmed,/infection_t_20_26_R_3.5_init_1000_week_0.75_norm_0.1_timevar_FALSE_FALSE_fixed_FALSE_misdelay_0.csv,/Re_t_20_26_R_3.5_init_1000_week_0.75_norm_0.1_timevar_FALSE_FALSE_fixed_FALSE_misdelay_0.csv,TRUE,TRUE,290005,1061384,0.2502959049180546,-0.01097208150528308,2,0.07462686567164178,0.017319879241297187,0.9393939393939394,0.05045936184112579,0.8059701492537313,FALSE,0.648413682112819,131900,6
2.5,10,31,20,0.75,0.1,0,FALSE,confirmed,0,41,61,81,0.5,1.2,smooth,FALSE,FALSE,t_20_31_R_2.5_init_10_week_0.75_norm_0.1_timevar_FALSE_FALSE_fixed_FALSE_misdelay_0.csv,/Users/jana/Documents/PhD/covid/Re_project/paper_sim/estimated/smooth/confirmed,/Users/jana/Documents/PhD/covid/Re_project/paper_sim/simulated/confirmed,/infection_t_20_31_R_2.5_init_10_week_0.75_norm_0.1_timevar_FALSE_FALSE_fixed_FALSE_misdelay_0.csv,/Re_t_20_31_R_2.5_init_10_week_0.75_norm_0.1_timevar_FALSE_FALSE_fixed_FALSE_misdelay_0.csv,TRUE,TRUE,289649,1044194,0.19505741929521558,-0.030513856669202505,2,0.5454545454545454,0.3454310420610376,1,0.0404947734472174,1,FALSE,0.5453914415178025,255,11
3,10,31,20,0.75,0.1,0,FALSE,confirmed,0,41,61,81,0.5,1.2,smooth,FALSE,FALSE,t_20_31_R_3_init_10_week_0.75_norm_0.1_timevar_FALSE_FALSE_fixed_FALSE_misdelay_0.csv,/Users/jana/Documents/PhD/covid/Re_project/paper_sim/estimated/smooth/confirmed,/Users/jana/Documents/PhD/covid/Re_project/paper_sim/simulated/confirmed,/infection_t_20_31_R_3_init_10_week_0.75_norm_0.1_timevar_FALSE_FALSE_fixed_FALSE_misdelay_0.csv,/Re_t_20_31_R_3_init_10_week_0.75_norm_0.1_timevar_FALSE_FALSE_fixed_FALSE_misdelay_0.csv,TRUE,TRUE,297229,1068844,0.17082417605465175,-0.02191995002288909,1,0.45588235294117646,0.2033751856811445,0.9672131147540983,0.04832023161236096,0.8955223880597015,FALSE,0.42562902822993565,907,11
3.5,10,31,20,0.75,0.1,0,FALSE,confirmed,0,41,61,81,0.5,1.2,smooth,FALSE,FALSE,t_20_31_R_3.5_init_10_week_0.75_norm_0.1_timevar_FALSE_FALSE_fixed_FALSE_misdelay_0.csv,/Users/jana/Documents/PhD/covid/Re_project/paper_sim/estimated/smooth/confirmed,/Users/jana/Documents/PhD/covid/Re_project/paper_sim/simulated/confirmed,/infection_t_20_31_R_3.5_init_10_week_0.75_norm_0.1_timevar_FALSE_FALSE_fixed_FALSE_misdelay_0.csv,/Re_t_20_31_R_3.5_init_10_week_0.75_norm_0.1_timevar_FALSE_FALSE_fixed_FALSE_misdelay_0.csv,TRUE,TRUE,291154,1052711,0.2415533959611802,-0.013195328819398937,2,0.13432835820895522,0.11898092957190098,0.9682539682539683,0.05293275247206993,0.7575757575757576,FALSE,0.49318326513860516,2586,11
2.5,100,31,20,0.75,0.1,0,FALSE,confirmed,0,41,61,81,0.5,1.2,smooth,FALSE,FALSE,t_20_31_R_2.5_init_100_week_0.75_norm_0.1_timevar_FALSE_FALSE_fixed_FALSE_misdelay_0.csv,/Users/jana/Documents/PhD/covid/Re_project/paper_sim/estimated/smooth/confirmed,/Users/jana/Documents/PhD/covid/Re_project/paper_sim/simulated/confirmed,/infection_t_20_31_R_2.5_init_100_week_0.75_norm_0.1_timevar_FALSE_FALSE_fixed_FALSE_misdelay_0.csv,/Re_t_20_31_R_2.5_init_100_week_0.75_norm_0.1_timevar_FALSE_FALSE_fixed_FALSE_misdelay_0.csv,TRUE,TRUE,305583,1125269,0.14742037946027375,-0.019552065463116317,1,0.4225352112676056,0.12361521083146165,0.9852941176470589,0.04208338455867903,1,FALSE,0.39419000681391025,2608,11
3,100,31,20,0.75,0.1,0,FALSE,confirmed,0,41,61,81,0.5,1.2,smooth,FALSE,FALSE,t_20_31_R_3_init_100_week_0.75_norm_0.1_timevar_FALSE_FALSE_fixed_FALSE_misdelay_0.csv,/Users/jana/Documents/PhD/covid/Re_project/paper_sim/estimated/smooth/confirmed,/Users/jana/Documents/PhD/covid/Re_project/paper_sim/simulated/confirmed,/infection_t_20_31_R_3_init_100_week_0.75_norm_0.1_timevar_FALSE_FALSE_fixed_FALSE_misdelay_0.csv,/Re_t_20_31_R_3_init_100_week_0.75_norm_0.1_timevar_FALSE_FALSE_fixed_FALSE_misdelay_0.csv,TRUE,TRUE,302854,1115219,0.1662497444200546,-0.013162694689989185,1,0.2857142857142857,0.06717826022756312,0.9705882352941176,0.04052906931580966,1,FALSE,0.39330756052101334,8838,11
3.5,100,31,20,0.75,0.1,0,FALSE,confirmed,0,41,61,81,0.5,1.2,smooth,FALSE,FALSE,t_20_31_R_3.5_init_100_week_0.75_norm_0.1_timevar_FALSE_FALSE_fixed_FALSE_misdelay_0.csv,/Users/jana/Documents/PhD/covid/Re_project/paper_sim/estimated/smooth/confirmed,/Users/jana/Documents/PhD/covid/Re_project/paper_sim/simulated/confirmed,/infection_t_20_31_R_3.5_init_100_week_0.75_norm_0.1_timevar_FALSE_FALSE_fixed_FALSE_misdelay_0.csv,/Re_t_20_31_R_3.5_init_100_week_0.75_norm_0.1_timevar_FALSE_FALSE_fixed_FALSE_misdelay_0.csv,TRUE,TRUE,302656,1113857,0.16355787972948396,-0.003529658738755666,1,0.21428571428571427,0.04003214629695573,0.9705882352941176,0.04217430841531439,0.9142857142857143,FALSE,0.35903145736597475,25774,11
2.5,1000,31,20,0.75,0.1,0,FALSE,confirmed,0,41,61,81,0.5,1.2,smooth,FALSE,FALSE,t_20_31_R_2.5_init_1000_week_0.75_norm_0.1_timevar_FALSE_FALSE_fixed_FALSE_misdelay_0.csv,/Users/jana/Documents/PhD/covid/Re_project/paper_sim/estimated/smooth/confirmed,/Users/jana/Documents/PhD/covid/Re_project/paper_sim/simulated/confirmed,/infection_t_20_31_R_2.5_init_1000_week_0.75_norm_0.1_timevar_FALSE_FALSE_fixed_FALSE_misdelay_0.csv,/Re_t_20_31_R_2.5_init_1000_week_0.75_norm_0.1_timevar_FALSE_FALSE_fixed_FALSE_misdelay_0.csv,TRUE,TRUE,307004,1132125,0.12170139215419186,-0.01856700728553839,2,0.08450704225352113,0.03885080985039724,0.9714285714285714,0.034506994476237236,0.971830985915493,FALSE,0.34796470444568706,26257,11
3,1000,31,20,0.75,0.1,0,FALSE,confirmed,0,41,61,81,0.5,1.2,smooth,FALSE,FALSE,t_20_31_R_3_init_1000_week_0.75_norm_0.1_timevar_FALSE_FALSE_fixed_FALSE_misdelay_0.csv,/Users/jana/Documents/PhD/covid/Re_project/paper_sim/estimated/smooth/confirmed,/Users/jana/Documents/PhD/covid/Re_project/paper_sim/simulated/confirmed,/infection_t_20_31_R_3_init_1000_week_0.75_norm_0.1_timevar_FALSE_FALSE_fixed_FALSE_misdelay_0.csv,/Re_t_20_31_R_3_init_1000_week_0.75_norm_0.1_timevar_FALSE_FALSE_fixed_FALSE_misdelay_0.csv,TRUE,TRUE,307018,1132299,0.17178069211166783,-0.011412232775181217,1,0.056338028169014086,0.0221897475556756,0.9714285714285714,0.041420612390396225,0.647887323943662,FALSE,0.376792310777259,88363,11
3.5,1000,31,20,0.75,0.1,0,FALSE,confirmed,0,41,61,81,0.5,1.2,smooth,FALSE,FALSE,t_20_31_R_3.5_init_1000_week_0.75_norm_0.1_timevar_FALSE_FALSE_fixed_FALSE_misdelay_0.csv,/Users/jana/Documents/PhD/covid/Re_project/paper_sim/estimated/smooth/confirmed,/Users/jana/Documents/PhD/covid/Re_project/paper_sim/simulated/confirmed,/infection_t_20_31_R_3.5_init_1000_week_0.75_norm_0.1_timevar_FALSE_FALSE_fixed_FALSE_misdelay_0.csv,/Re_t_20_31_R_3.5_init_1000_week_0.75_norm_0.1_timevar_FALSE_FALSE_fixed_FALSE_misdelay_0.csv,TRUE,TRUE,307130,1132280,0.17895024747020247,-0.007477501093175172,2,0.04225352112676056,0.012789096688548218,0.9577464788732394,0.04416444406528401,0.9014084507042254,FALSE,0.4226944655994058,258317,11
2.5,10,36,20,0.75,0.1,0,FALSE,confirmed,0,46,66,86,0.5,1.2,smooth,FALSE,FALSE,t_20_36_R_2.5_init_10_week_0.75_norm_0.1_timevar_FALSE_FALSE_fixed_FALSE_misdelay_0.csv,/Users/jana/Documents/PhD/covid/Re_project/paper_sim/estimated/smooth/confirmed,/Users/jana/Documents/PhD/covid/Re_project/paper_sim/simulated/confirmed,/infection_t_20_36_R_2.5_init_10_week_0.75_norm_0.1_timevar_FALSE_FALSE_fixed_FALSE_misdelay_0.csv,/Re_t_20_36_R_2.5_init_10_week_0.75_norm_0.1_timevar_FALSE_FALSE_fixed_FALSE_misdelay_0.csv,TRUE,TRUE,313519,1130482,0.1407823280045843,-0.017779331732967894,1,0.6805555555555556,0.3090839562781089,1,0.03603139030330702,0.9166666666666666,FALSE,0.3349013064804816,392,16
3,10,36,20,0.75,0.1,0,FALSE,confirmed,0,46,66,86,0.5,1.2,smooth,FALSE,FALSE,t_20_36_R_3_init_10_week_0.75_norm_0.1_timevar_FALSE_FALSE_fixed_FALSE_misdelay_0.csv,/Users/jana/Documents/PhD/covid/Re_project/paper_sim/estimated/smooth/confirmed,/Users/jana/Documents/PhD/covid/Re_project/paper_sim/simulated/confirmed,/infection_t_20_36_R_3_init_10_week_0.75_norm_0.1_timevar_FALSE_FALSE_fixed_FALSE_misdelay_0.csv,/Re_t_20_36_R_3_init_10_week_0.75_norm_0.1_timevar_FALSE_FALSE_fixed_FALSE_misdelay_0.csv,TRUE,TRUE,318118,1147587,0.1335976948819021,-0.006971634925957666,1,0.4520547945205479,0.16015668857757315,1,0.026821872522143422,0.9583333333333334,FALSE,0.3160377895338587,1601,16
3.5,10,36,20,0.75,0.1,0,FALSE,confirmed,0,46,66,86,0.5,1.2,smooth,FALSE,FALSE,t_20_36_R_3.5_init_10_week_0.75_norm_0.1_timevar_FALSE_FALSE_fixed_FALSE_misdelay_0.csv,/Users/jana/Documents/PhD/covid/Re_project/paper_sim/estimated/smooth/confirmed,/Users/jana/Documents/PhD/covid/Re_project/paper_sim/simulated/confirmed,/infection_t_20_36_R_3.5_init_10_week_0.75_norm_0.1_timevar_FALSE_FALSE_fixed_FALSE_misdelay_0.csv,/Re_t_20_36_R_3.5_init_10_week_0.75_norm_0.1_timevar_FALSE_FALSE_fixed_FALSE_misdelay_0.csv,TRUE,TRUE,319634,1158244,0.1393801927958489,2.8671588956615565e-4,1,0.28378378378378377,0.08686344080631342,0.971830985915493,0.032872370456047025,1,FALSE,0.2718922026525818,5222,16
2.5,100,36,20,0.75,0.1,0,FALSE,confirmed,0,46,66,86,0.5,1.2,smooth,FALSE,FALSE,t_20_36_R_2.5_init_100_week_0.75_norm_0.1_timevar_FALSE_FALSE_fixed_FALSE_misdelay_0.csv,/Users/jana/Documents/PhD/covid/Re_project/paper_sim/estimated/smooth/confirmed,/Users/jana/Documents/PhD/covid/Re_project/paper_sim/simulated/confirmed,/infection_t_20_36_R_2.5_init_100_week_0.75_norm_0.1_timevar_FALSE_FALSE_fixed_FALSE_misdelay_0.csv,/Re_t_20_36_R_2.5_init_100_week_0.75_norm_0.1_timevar_FALSE_FALSE_fixed_FALSE_misdelay_0.csv,TRUE,TRUE,324706,1205722,0.12589680680110701,-0.014470446348564571,1,0.3026315789473684,0.09853327730662098,0.958904109589041,0.030309628318315546,0.9868421052631579,FALSE,0.31478853708567744,4001,16
3,100,36,20,0.75,0.1,0,FALSE,confirmed,0,46,66,86,0.5,1.2,smooth,FALSE,FALSE,t_20_36_R_3_init_100_week_0.75_norm_0.1_timevar_FALSE_FALSE_fixed_FALSE_misdelay_0.csv,/Users/jana/Documents/PhD/covid/Re_project/paper_sim/estimated/smooth/confirmed,/Users/jana/Documents/PhD/covid/Re_project/paper_sim/simulated/confirmed,/infection_t_20_36_R_3_init_100_week_0.75_norm_0.1_timevar_FALSE_FALSE_fixed_FALSE_misdelay_0.csv,/Re_t_20_36_R_3_init_100_week_0.75_norm_0.1_timevar_FALSE_FALSE_fixed_FALSE_misdelay_0.csv,TRUE,TRUE,329404,1221787,0.14571595055508751,-0.0038670450472464467,1,0.11688311688311688,0.052057131172943194,0.9605263157894737,0.044732278695996636,0.961038961038961,FALSE,0.2566626623041055,15608,16
3.5,100,36,20,0.75,0.1,0,FALSE,confirmed,0,46,66,86,0.5,1.2,smooth,FALSE,FALSE,t_20_36_R_3.5_init_100_week_0.75_norm_0.1_timevar_FALSE_FALSE_fixed_FALSE_misdelay_0.csv,/Users/jana/Documents/PhD/covid/Re_project/paper_sim/estimated/smooth/confirmed,/Users/jana/Documents/PhD/covid/Re_project/paper_sim/simulated/confirmed,/infection_t_20_36_R_3.5_init_100_week_0.75_norm_0.1_timevar_FALSE_FALSE_fixed_FALSE_misdelay_0.csv,/Re_t_20_36_R_3.5_init_100_week_0.75_norm_0.1_timevar_FALSE_FALSE_fixed_FALSE_misdelay_0.csv,TRUE,TRUE,324511,1206035,0.15843917667306814,-0.00495674427865091,1,0.11842105263157894,0.02852255239646534,0.96,0.040705301779218425,0.9605263157894737,FALSE,0.3344404677683516,52050,16
2.5,1000,36,20,0.75,0.1,0,FALSE,confirmed,0,46,66,86,0.5,1.2,smooth,FALSE,FALSE,t_20_36_R_2.5_init_1000_week_0.75_norm_0.1_timevar_FALSE_FALSE_fixed_FALSE_misdelay_0.csv,/Users/jana/Documents/PhD/covid/Re_project/paper_sim/estimated/smooth/confirmed,/Users/jana/Documents/PhD/covid/Re_project/paper_sim/simulated/confirmed,/infection_t_20_36_R_2.5_init_1000_week_0.75_norm_0.1_timevar_FALSE_FALSE_fixed_FALSE_misdelay_0.csv,/Re_t_20_36_R_2.5_init_1000_week_0.75_norm_0.1_timevar_FALSE_FALSE_fixed_FALSE_misdelay_0.csv,TRUE,TRUE,326106,1211949,0.10518017082624465,-0.011712493755500803,1,0.17105263157894737,0.03124718606306942,0.9605263157894737,0.03311169657878784,0.9736842105263158,FALSE,0.24402119022254407,40270,16
3,1000,36,20,0.75,0.1,0,FALSE,confirmed,0,46,66,86,0.5,1.2,smooth,FALSE,FALSE,t_20_36_R_3_init_1000_week_0.75_norm_0.1_timevar_FALSE_FALSE_fixed_FALSE_misdelay_0.csv,/Users/jana/Documents/PhD/covid/Re_project/paper_sim/estimated/smooth/confirmed,/Users/jana/Documents/PhD/covid/Re_project/paper_sim/simulated/confirmed,/infection_t_20_36_R_3_init_1000_week_0.75_norm_0.1_timevar_FALSE_FALSE_fixed_FALSE_misdelay_0.csv,/Re_t_20_36_R_3_init_1000_week_0.75_norm_0.1_timevar_FALSE_FALSE_fixed_FALSE_misdelay_0.csv,TRUE,TRUE,326680,1211487,0.14226762408988544,-0.005009756976366515,1,0.11842105263157894,0.016324621254453997,0.9866666666666667,0.0409417496970874,0.9605263157894737,FALSE,0.2940971097965102,156050,16
3.5,1000,36,20,0.75,0.1,0,FALSE,confirmed,0,46,66,86,0.5,1.2,smooth,FALSE,FALSE,t_20_36_R_3.5_init_1000_week_0.75_norm_0.1_timevar_FALSE_FALSE_fixed_FALSE_misdelay_0.csv,/Users/jana/Documents/PhD/covid/Re_project/paper_sim/estimated/smooth/confirmed,/Users/jana/Documents/PhD/covid/Re_project/paper_sim/simulated/confirmed,/infection_t_20_36_R_3.5_init_1000_week_0.75_norm_0.1_timevar_FALSE_FALSE_fixed_FALSE_misdelay_0.csv,/Re_t_20_36_R_3.5_init_1000_week_0.75_norm_0.1_timevar_FALSE_FALSE_fixed_FALSE_misdelay_0.csv,TRUE,TRUE,328320,1221438,0.15810256797018513,0.003958493073598681,1,0.03896103896103896,0.008983743254691534,0.9868421052631579,0.047138551353387945,0.8571428571428571,FALSE,0.3404618668317668,521647,16
