R1,init,t3,t2,weekly,gaussian,misdelay,timevar_sim,timevar_est,delay_opt,t1,t4,t5,t6,R2,R3,smooth,fixed,filename,estimationDir,simulationDir,infection_file,re_file,infection_exists,re_exists,infection_size,re_size,ReRMSE,RelError,RootDiff,EmpCoverage,CIWidth,OneTrans,DTWdist,frac_normal,overall_normal,slopeError,maxInc,t3diff
2.5,10,21,20,0.75,0.1,0,TRUE,TRUE,confirmed,0,31,51,71,0.5,1.2,smooth,FALSE,t_20_21_R_2.5_init_10_week_0.75_norm_0.1_timevar_TRUE_TRUE_fixed_FALSE_misdelay_0.csv,/Users/jana/Documents/PhD/covid/Re_project/paper_sim/estimated/smooth/confirmed,/Users/jana/Documents/PhD/covid/Re_project/paper_sim/simulated/confirmed,/infection_t_20_21_R_2.5_init_10_week_0.75_norm_0.1_timevar_TRUE_TRUE_fixed_FALSE_misdelay_0.csv,/Re_t_20_21_R_2.5_init_10_week_0.75_norm_0.1_timevar_TRUE_TRUE_fixed_FALSE_misdelay_0.csv,TRUE,TRUE,271518,954013,0.28191230163175846,-0.035591396257974355,2,0.7049180327868853,0.5229126856805465,1,0.09292005845131812,0.9666666666666667,FALSE,0.905141706603558,142,1
3,10,21,20,0.75,0.1,0,TRUE,TRUE,confirmed,0,31,51,71,0.5,1.2,smooth,FALSE,t_20_21_R_3_init_10_week_0.75_norm_0.1_timevar_TRUE_TRUE_fixed_FALSE_misdelay_0.csv,/Users/jana/Documents/PhD/covid/Re_project/paper_sim/estimated/smooth/confirmed,/Users/jana/Documents/PhD/covid/Re_project/paper_sim/simulated/confirmed,/infection_t_20_21_R_3_init_10_week_0.75_norm_0.1_timevar_TRUE_TRUE_fixed_FALSE_misdelay_0.csv,/Re_t_20_21_R_3_init_10_week_0.75_norm_0.1_timevar_TRUE_TRUE_fixed_FALSE_misdelay_0.csv,TRUE,TRUE,262940,941332,0.35365792324736484,-0.031249354439352374,2,0.6,0.33467713674922417,0.9714285714285714,0.10054356303065994,0.9152542372881356,FALSE,0.9038194106707252,387,1
3.5,10,21,20,0.75,0.1,0,TRUE,TRUE,confirmed,0,31,51,71,0.5,1.2,smooth,FALSE,t_20_21_R_3.5_init_10_week_0.75_norm_0.1_timevar_TRUE_TRUE_fixed_FALSE_misdelay_0.csv,/Users/jana/Documents/PhD/covid/Re_project/paper_sim/estimated/smooth/confirmed,/Users/jana/Documents/PhD/covid/Re_project/paper_sim/simulated/confirmed,/infection_t_20_21_R_3.5_init_10_week_0.75_norm_0.1_timevar_TRUE_TRUE_fixed_FALSE_misdelay_0.csv,/Re_t_20_21_R_3.5_init_10_week_0.75_norm_0.1_timevar_TRUE_TRUE_fixed_FALSE_misdelay_0.csv,TRUE,TRUE,271455,971908,0.39137616066111025,-0.03977610124662599,3,0.47540983606557374,0.22763798977574234,0.9629629629629629,0.10938677988944315,0.9016393442622951,FALSE,0.9207690607833898,865,1
2.5,100,21,20,0.75,0.1,0,TRUE,TRUE,confirmed,0,31,51,71,0.5,1.2,smooth,FALSE,t_20_21_R_2.5_init_100_week_0.75_norm_0.1_timevar_TRUE_TRUE_fixed_FALSE_misdelay_0.csv,/Users/jana/Documents/PhD/covid/Re_project/paper_sim/estimated/smooth/confirmed,/Users/jana/Documents/PhD/covid/Re_project/paper_sim/simulated/confirmed,/infection_t_20_21_R_2.5_init_100_week_0.75_norm_0.1_timevar_TRUE_TRUE_fixed_FALSE_misdelay_0.csv,/Re_t_20_21_R_2.5_init_100_week_0.75_norm_0.1_timevar_TRUE_TRUE_fixed_FALSE_misdelay_0.csv,TRUE,TRUE,278495,1013873,0.33527836509325815,-0.041476964084037074,1,0.375,0.1695284060390363,1,0.10866912361745648,0.84375,FALSE,0.9252555800254736,1453,1
3,100,21,20,0.75,0.1,0,TRUE,TRUE,confirmed,0,31,51,71,0.5,1.2,smooth,FALSE,t_20_21_R_3_init_100_week_0.75_norm_0.1_timevar_TRUE_TRUE_fixed_FALSE_misdelay_0.csv,/Users/jana/Documents/PhD/covid/Re_project/paper_sim/estimated/smooth/confirmed,/Users/jana/Documents/PhD/covid/Re_project/paper_sim/simulated/confirmed,/infection_t_20_21_R_3_init_100_week_0.75_norm_0.1_timevar_TRUE_TRUE_fixed_FALSE_misdelay_0.csv,/Re_t_20_21_R_3_init_100_week_0.75_norm_0.1_timevar_TRUE_TRUE_fixed_FALSE_misdelay_0.csv,TRUE,TRUE,279083,1018334,0.3633122318526992,-0.04983390589819515,3,0.328125,0.1082711316355226,0.9661016949152542,0.11620001549287337,0.9375,FALSE,0.9242608610628966,3777,1
3.5,100,21,20,0.75,0.1,0,TRUE,TRUE,confirmed,0,31,51,71,0.5,1.2,smooth,FALSE,t_20_21_R_3.5_init_100_week_0.75_norm_0.1_timevar_TRUE_TRUE_fixed_FALSE_misdelay_0.csv,/Users/jana/Documents/PhD/covid/Re_project/paper_sim/estimated/smooth/confirmed,/Users/jana/Documents/PhD/covid/Re_project/paper_sim/simulated/confirmed,/infection_t_20_21_R_3.5_init_100_week_0.75_norm_0.1_timevar_TRUE_TRUE_fixed_FALSE_misdelay_0.csv,/Re_t_20_21_R_3.5_init_100_week_0.75_norm_0.1_timevar_TRUE_TRUE_fixed_FALSE_misdelay_0.csv,TRUE,TRUE,282243,1030353,0.40353690822264915,-0.0374591158972867,1,0.2153846153846154,0.07150045216101986,0.9682539682539683,0.14525754767650562,0.5538461538461539,FALSE,0.9164962839333619,8622,1
2.5,1000,21,20,0.75,0.1,0,TRUE,TRUE,confirmed,0,31,51,71,0.5,1.2,smooth,FALSE,t_20_21_R_2.5_init_1000_week_0.75_norm_0.1_timevar_TRUE_TRUE_fixed_FALSE_misdelay_0.csv,/Users/jana/Documents/PhD/covid/Re_project/paper_sim/estimated/smooth/confirmed,/Users/jana/Documents/PhD/covid/Re_project/paper_sim/simulated/confirmed,/infection_t_20_21_R_2.5_init_1000_week_0.75_norm_0.1_timevar_TRUE_TRUE_fixed_FALSE_misdelay_0.csv,/Re_t_20_21_R_2.5_init_1000_week_0.75_norm_0.1_timevar_TRUE_TRUE_fixed_FALSE_misdelay_0.csv,TRUE,TRUE,280158,1020660,0.340502999350039,-0.041907341045863744,2,0.09375,0.05206689301894607,0.9836065573770492,0.11556771260913225,0.984375,FALSE,0.9209325622478719,14629,1
3,1000,21,20,0.75,0.1,0,TRUE,TRUE,confirmed,0,31,51,71,0.5,1.2,smooth,FALSE,t_20_21_R_3_init_1000_week_0.75_norm_0.1_timevar_TRUE_TRUE_fixed_FALSE_misdelay_0.csv,/Users/jana/Documents/PhD/covid/Re_project/paper_sim/estimated/smooth/confirmed,/Users/jana/Documents/PhD/covid/Re_project/paper_sim/simulated/confirmed,/infection_t_20_21_R_3_init_1000_week_0.75_norm_0.1_timevar_TRUE_TRUE_fixed_FALSE_misdelay_0.csv,/Re_t_20_21_R_3_init_1000_week_0.75_norm_0.1_timevar_TRUE_TRUE_fixed_FALSE_misdelay_0.csv,TRUE,TRUE,282214,1031480,0.3452260876104615,-0.03352277210643574,2,0.15384615384615385,0.03433511543192447,0.9841269841269841,0.11445130148292092,0.2923076923076923,FALSE,0.904350680884682,37766,1
3.5,1000,21,20,0.75,0.1,0,TRUE,TRUE,confirmed,0,31,51,71,0.5,1.2,smooth,FALSE,t_20_21_R_3.5_init_1000_week_0.75_norm_0.1_timevar_TRUE_TRUE_fixed_FALSE_misdelay_0.csv,/Users/jana/Documents/PhD/covid/Re_project/paper_sim/estimated/smooth/confirmed,/Users/jana/Documents/PhD/covid/Re_project/paper_sim/simulated/confirmed,/infection_t_20_21_R_3.5_init_1000_week_0.75_norm_0.1_timevar_TRUE_TRUE_fixed_FALSE_misdelay_0.csv,/Re_t_20_21_R_3.5_init_1000_week_0.75_norm_0.1_timevar_TRUE_TRUE_fixed_FALSE_misdelay_0.csv,TRUE,TRUE,281818,1028793,0.36241263189746364,-0.02232108058454524,2,0.07692307692307693,0.022588882660148357,0.953125,0.12683172744188892,0.4153846153846154,FALSE,0.9046315774031966,86411,1
2.5,10,26,20,0.75,0.1,0,TRUE,TRUE,confirmed,0,36,56,76,0.5,1.2,smooth,FALSE,t_20_26_R_2.5_init_10_week_0.75_norm_0.1_timevar_TRUE_TRUE_fixed_FALSE_misdelay_0.csv,/Users/jana/Documents/PhD/covid/Re_project/paper_sim/estimated/smooth/confirmed,/Users/jana/Documents/PhD/covid/Re_project/paper_sim/simulated/confirmed,/infection_t_20_26_R_2.5_init_10_week_0.75_norm_0.1_timevar_TRUE_TRUE_fixed_FALSE_misdelay_0.csv,/Re_t_20_26_R_2.5_init_10_week_0.75_norm_0.1_timevar_TRUE_TRUE_fixed_FALSE_misdelay_0.csv,TRUE,TRUE,283295,1019538,0.2103314303147131,-0.015761606697923414,1,0.71875,0.4486334288527595,1,0.042537667169344325,0.859375,FALSE,0.6462645408759136,172,6
3,10,26,20,0.75,0.1,0,TRUE,TRUE,confirmed,0,36,56,76,0.5,1.2,smooth,FALSE,t_20_26_R_3_init_10_week_0.75_norm_0.1_timevar_TRUE_TRUE_fixed_FALSE_misdelay_0.csv,/Users/jana/Documents/PhD/covid/Re_project/paper_sim/estimated/smooth/confirmed,/Users/jana/Documents/PhD/covid/Re_project/paper_sim/simulated/confirmed,/infection_t_20_26_R_3_init_10_week_0.75_norm_0.1_timevar_TRUE_TRUE_fixed_FALSE_misdelay_0.csv,/Re_t_20_26_R_3_init_10_week_0.75_norm_0.1_timevar_TRUE_TRUE_fixed_FALSE_misdelay_0.csv,TRUE,TRUE,286317,1031992,0.22804739410688582,-0.024120481858492093,1,0.6923076923076923,0.25769357181638597,1,0.05218212957128943,0.9846153846153847,FALSE,0.6086944903277552,525,6
3.5,10,26,20,0.75,0.1,0,TRUE,TRUE,confirmed,0,36,56,76,0.5,1.2,smooth,FALSE,t_20_26_R_3.5_init_10_week_0.75_norm_0.1_timevar_TRUE_TRUE_fixed_FALSE_misdelay_0.csv,/Users/jana/Documents/PhD/covid/Re_project/paper_sim/estimated/smooth/confirmed,/Users/jana/Documents/PhD/covid/Re_project/paper_sim/simulated/confirmed,/infection_t_20_26_R_3.5_init_10_week_0.75_norm_0.1_timevar_TRUE_TRUE_fixed_FALSE_misdelay_0.csv,/Re_t_20_26_R_3.5_init_10_week_0.75_norm_0.1_timevar_TRUE_TRUE_fixed_FALSE_misdelay_0.csv,TRUE,TRUE,293370,1052018,0.24862013588655157,-0.01638444711794248,2,0.5074626865671642,0.16897795302638685,0.9838709677419355,0.056462356851351085,0.9545454545454546,FALSE,0.6050611540883837,1320,6
2.5,100,26,20,0.75,0.1,0,TRUE,TRUE,confirmed,0,36,56,76,0.5,1.2,smooth,FALSE,t_20_26_R_2.5_init_100_week_0.75_norm_0.1_timevar_TRUE_TRUE_fixed_FALSE_misdelay_0.csv,/Users/jana/Documents/PhD/covid/Re_project/paper_sim/estimated/smooth/confirmed,/Users/jana/Documents/PhD/covid/Re_project/paper_sim/simulated/confirmed,/infection_t_20_26_R_2.5_init_100_week_0.75_norm_0.1_timevar_TRUE_TRUE_fixed_FALSE_misdelay_0.csv,/Re_t_20_26_R_2.5_init_100_week_0.75_norm_0.1_timevar_TRUE_TRUE_fixed_FALSE_misdelay_0.csv,TRUE,TRUE,298882,1097799,0.24387712239136566,-0.021332632547088365,0,0.5072463768115942,0.1421728213438157,1,0.058510274191746446,0.5942028985507246,FALSE,0.6631835016053109,1754,6
3,100,26,20,0.75,0.1,0,TRUE,TRUE,confirmed,0,36,56,76,0.5,1.2,smooth,FALSE,t_20_26_R_3_init_100_week_0.75_norm_0.1_timevar_TRUE_TRUE_fixed_FALSE_misdelay_0.csv,/Users/jana/Documents/PhD/covid/Re_project/paper_sim/estimated/smooth/confirmed,/Users/jana/Documents/PhD/covid/Re_project/paper_sim/simulated/confirmed,/infection_t_20_26_R_3_init_100_week_0.75_norm_0.1_timevar_TRUE_TRUE_fixed_FALSE_misdelay_0.csv,/Re_t_20_26_R_3_init_100_week_0.75_norm_0.1_timevar_TRUE_TRUE_fixed_FALSE_misdelay_0.csv,TRUE,TRUE,294672,1083980,0.2837040051761972,-0.019702843530919775,1,0.3088235294117647,0.08422579690055104,0.9545454545454546,0.06677256805849392,0.7941176470588235,FALSE,0.6567686381457776,5122,6
3.5,100,26,20,0.75,0.1,0,TRUE,TRUE,confirmed,0,36,56,76,0.5,1.2,smooth,FALSE,t_20_26_R_3.5_init_100_week_0.75_norm_0.1_timevar_TRUE_TRUE_fixed_FALSE_misdelay_0.csv,/Users/jana/Documents/PhD/covid/Re_project/paper_sim/estimated/smooth/confirmed,/Users/jana/Documents/PhD/covid/Re_project/paper_sim/simulated/confirmed,/infection_t_20_26_R_3.5_init_100_week_0.75_norm_0.1_timevar_TRUE_TRUE_fixed_FALSE_misdelay_0.csv,/Re_t_20_26_R_3.5_init_100_week_0.75_norm_0.1_timevar_TRUE_TRUE_fixed_FALSE_misdelay_0.csv,TRUE,TRUE,298860,1097537,0.3333896849103954,-0.01796531911444056,2,0.15942028985507245,0.052078015832482505,0.9701492537313433,0.0729186982569016,0.4782608695652174,FALSE,0.6977194707035342,13161,6
2.5,1000,26,20,0.75,0.1,0,TRUE,TRUE,confirmed,0,36,56,76,0.5,1.2,smooth,FALSE,t_20_26_R_2.5_init_1000_week_0.75_norm_0.1_timevar_TRUE_TRUE_fixed_FALSE_misdelay_0.csv,/Users/jana/Documents/PhD/covid/Re_project/paper_sim/estimated/smooth/confirmed,/Users/jana/Documents/PhD/covid/Re_project/paper_sim/simulated/confirmed,/infection_t_20_26_R_2.5_init_1000_week_0.75_norm_0.1_timevar_TRUE_TRUE_fixed_FALSE_misdelay_0.csv,/Re_t_20_26_R_2.5_init_1000_week_0.75_norm_0.1_timevar_TRUE_TRUE_fixed_FALSE_misdelay_0.csv,TRUE,TRUE,299441,1100362,0.2734458591187417,-0.03242816301216495,1,0.15942028985507245,0.04491259753420951,0.9850746268656716,0.06130792554791457,0.9855072463768116,FALSE,0.6989811938721634,17653,6
3,1000,26,20,0.75,0.1,0,TRUE,TRUE,confirmed,0,36,56,76,0.5,1.2,smooth,FALSE,t_20_26_R_3_init_1000_week_0.75_norm_0.1_timevar_TRUE_TRUE_fixed_FALSE_misdelay_0.csv,/Users/jana/Documents/PhD/covid/Re_project/paper_sim/estimated/smooth/confirmed,/Users/jana/Documents/PhD/covid/Re_project/paper_sim/simulated/confirmed,/infection_t_20_26_R_3_init_1000_week_0.75_norm_0.1_timevar_TRUE_TRUE_fixed_FALSE_misdelay_0.csv,/Re_t_20_26_R_3_init_1000_week_0.75_norm_0.1_timevar_TRUE_TRUE_fixed_FALSE_misdelay_0.csv,TRUE,TRUE,302057,1113762,0.26959691492954213,-0.019443593913334053,1,0.04285714285714286,0.02662269132840195,0.9565217391304348,0.0640054002552045,0.6,FALSE,0.6843312216905901,51209,6
3.5,1000,26,20,0.75,0.1,0,TRUE,TRUE,confirmed,0,36,56,76,0.5,1.2,smooth,FALSE,t_20_26_R_3.5_init_1000_week_0.75_norm_0.1_timevar_TRUE_TRUE_fixed_FALSE_misdelay_0.csv,/Users/jana/Documents/PhD/covid/Re_project/paper_sim/estimated/smooth/confirmed,/Users/jana/Documents/PhD/covid/Re_project/paper_sim/simulated/confirmed,/infection_t_20_26_R_3.5_init_1000_week_0.75_norm_0.1_timevar_TRUE_TRUE_fixed_FALSE_misdelay_0.csv,/Re_t_20_26_R_3.5_init_1000_week_0.75_norm_0.1_timevar_TRUE_TRUE_fixed_FALSE_misdelay_0.csv,TRUE,TRUE,299609,1100240,0.3211359652768432,-0.012199329420169618,1,0.08695652173913043,0.016747659110426416,0.9411764705882353,0.06389431142790168,0.9130434782608695,FALSE,0.6939336185855741,131900,6
2.5,10,31,20,0.75,0.1,0,TRUE,TRUE,confirmed,0,41,61,81,0.5,1.2,smooth,FALSE,t_20_31_R_2.5_init_10_week_0.75_norm_0.1_timevar_TRUE_TRUE_fixed_FALSE_misdelay_0.csv,/Users/jana/Documents/PhD/covid/Re_project/paper_sim/estimated/smooth/confirmed,/Users/jana/Documents/PhD/covid/Re_project/paper_sim/simulated/confirmed,/infection_t_20_31_R_2.5_init_10_week_0.75_norm_0.1_timevar_TRUE_TRUE_fixed_FALSE_misdelay_0.csv,/Re_t_20_31_R_2.5_init_10_week_0.75_norm_0.1_timevar_TRUE_TRUE_fixed_FALSE_misdelay_0.csv,TRUE,TRUE,310205,1105423,0.1918321932561548,-0.024180038885911973,1,0.704225352112676,0.3658635517382216,1,0.0478661245291744,0.8571428571428571,FALSE,0.4991824503656521,255,11
3,10,31,20,0.75,0.1,0,TRUE,TRUE,confirmed,0,41,61,81,0.5,1.2,smooth,FALSE,t_20_31_R_3_init_10_week_0.75_norm_0.1_timevar_TRUE_TRUE_fixed_FALSE_misdelay_0.csv,/Users/jana/Documents/PhD/covid/Re_project/paper_sim/estimated/smooth/confirmed,/Users/jana/Documents/PhD/covid/Re_project/paper_sim/simulated/confirmed,/infection_t_20_31_R_3_init_10_week_0.75_norm_0.1_timevar_TRUE_TRUE_fixed_FALSE_misdelay_0.csv,/Re_t_20_31_R_3_init_10_week_0.75_norm_0.1_timevar_TRUE_TRUE_fixed_FALSE_misdelay_0.csv,TRUE,TRUE,310543,1120775,0.1683128083524681,-0.0058141277631340105,1,0.5774647887323944,0.20771254781597004,1,0.03162799643109583,0.8169014084507042,FALSE,0.44095629522806234,907,11
3.5,10,31,20,0.75,0.1,0,TRUE,TRUE,confirmed,0,41,61,81,0.5,1.2,smooth,FALSE,t_20_31_R_3.5_init_10_week_0.75_norm_0.1_timevar_TRUE_TRUE_fixed_FALSE_misdelay_0.csv,/Users/jana/Documents/PhD/covid/Re_project/paper_sim/estimated/smooth/confirmed,/Users/jana/Documents/PhD/covid/Re_project/paper_sim/simulated/confirmed,/infection_t_20_31_R_3.5_init_10_week_0.75_norm_0.1_timevar_TRUE_TRUE_fixed_FALSE_misdelay_0.csv,/Re_t_20_31_R_3.5_init_10_week_0.75_norm_0.1_timevar_TRUE_TRUE_fixed_FALSE_misdelay_0.csv,TRUE,TRUE,305829,1114899,0.2109543327125537,-0.009064570495892484,0,0.45714285714285713,0.12065236472517371,1,0.045807131922913344,0.6571428571428571,FALSE,0.3883587499541252,2586,11
2.5,100,31,20,0.75,0.1,0,TRUE,TRUE,confirmed,0,41,61,81,0.5,1.2,smooth,FALSE,t_20_31_R_2.5_init_100_week_0.75_norm_0.1_timevar_TRUE_TRUE_fixed_FALSE_misdelay_0.csv,/Users/jana/Documents/PhD/covid/Re_project/paper_sim/estimated/smooth/confirmed,/Users/jana/Documents/PhD/covid/Re_project/paper_sim/simulated/confirmed,/infection_t_20_31_R_2.5_init_100_week_0.75_norm_0.1_timevar_TRUE_TRUE_fixed_FALSE_misdelay_0.csv,/Re_t_20_31_R_2.5_init_100_week_0.75_norm_0.1_timevar_TRUE_TRUE_fixed_FALSE_misdelay_0.csv,TRUE,TRUE,317198,1174174,0.21078435507649546,-0.021447813660415847,1,0.47297297297297297,0.11667127365252938,1,0.04857627115628857,0.7972972972972973,FALSE,0.42841203316311616,2608,11
3,100,31,20,0.75,0.1,0,TRUE,TRUE,confirmed,0,41,61,81,0.5,1.2,smooth,FALSE,t_20_31_R_3_init_100_week_0.75_norm_0.1_timevar_TRUE_TRUE_fixed_FALSE_misdelay_0.csv,/Users/jana/Documents/PhD/covid/Re_project/paper_sim/estimated/smooth/confirmed,/Users/jana/Documents/PhD/covid/Re_project/paper_sim/simulated/confirmed,/infection_t_20_31_R_3_init_100_week_0.75_norm_0.1_timevar_TRUE_TRUE_fixed_FALSE_misdelay_0.csv,/Re_t_20_31_R_3_init_100_week_0.75_norm_0.1_timevar_TRUE_TRUE_fixed_FALSE_misdelay_0.csv,TRUE,TRUE,317227,1173597,0.2430503225621009,-0.0247406915556863,0,0.28378378378378377,0.06577917837573144,1,0.06502180691954132,0.8378378378378378,FALSE,0.41798287408690177,8838,11
3.5,100,31,20,0.75,0.1,0,TRUE,TRUE,confirmed,0,41,61,81,0.5,1.2,smooth,FALSE,t_20_31_R_3.5_init_100_week_0.75_norm_0.1_timevar_TRUE_TRUE_fixed_FALSE_misdelay_0.csv,/Users/jana/Documents/PhD/covid/Re_project/paper_sim/estimated/smooth/confirmed,/Users/jana/Documents/PhD/covid/Re_project/paper_sim/simulated/confirmed,/infection_t_20_31_R_3.5_init_100_week_0.75_norm_0.1_timevar_TRUE_TRUE_fixed_FALSE_misdelay_0.csv,/Re_t_20_31_R_3.5_init_100_week_0.75_norm_0.1_timevar_TRUE_TRUE_fixed_FALSE_misdelay_0.csv,TRUE,TRUE,310820,1147969,0.27290386687505036,-0.005836241117332564,1,0.19444444444444445,0.03723567823976426,0.971830985915493,0.06208860951307252,0.9861111111111112,FALSE,0.5056099939113619,25774,11
2.5,1000,31,20,0.75,0.1,0,TRUE,TRUE,confirmed,0,41,61,81,0.5,1.2,smooth,FALSE,t_20_31_R_2.5_init_1000_week_0.75_norm_0.1_timevar_TRUE_TRUE_fixed_FALSE_misdelay_0.csv,/Users/jana/Documents/PhD/covid/Re_project/paper_sim/estimated/smooth/confirmed,/Users/jana/Documents/PhD/covid/Re_project/paper_sim/simulated/confirmed,/infection_t_20_31_R_2.5_init_1000_week_0.75_norm_0.1_timevar_TRUE_TRUE_fixed_FALSE_misdelay_0.csv,/Re_t_20_31_R_2.5_init_1000_week_0.75_norm_0.1_timevar_TRUE_TRUE_fixed_FALSE_misdelay_0.csv,TRUE,TRUE,318737,1180129,0.19881676487308883,-0.013046839929071812,0,0.13513513513513514,0.03772218053505405,0.9722222222222222,0.04469804584912931,0.9864864864864865,FALSE,0.3716673092621553,26257,11
3,1000,31,20,0.75,0.1,0,TRUE,TRUE,confirmed,0,41,61,81,0.5,1.2,smooth,FALSE,t_20_31_R_3_init_1000_week_0.75_norm_0.1_timevar_TRUE_TRUE_fixed_FALSE_misdelay_0.csv,/Users/jana/Documents/PhD/covid/Re_project/paper_sim/estimated/smooth/confirmed,/Users/jana/Documents/PhD/covid/Re_project/paper_sim/simulated/confirmed,/infection_t_20_31_R_3_init_1000_week_0.75_norm_0.1_timevar_TRUE_TRUE_fixed_FALSE_misdelay_0.csv,/Re_t_20_31_R_3_init_1000_week_0.75_norm_0.1_timevar_TRUE_TRUE_fixed_FALSE_misdelay_0.csv,TRUE,TRUE,322009,1193023,0.2269012847761793,-0.011858122431191479,0,0.10666666666666667,0.020522027024147516,0.9864864864864865,0.048797295997495854,0.5866666666666667,FALSE,0.4226723460479991,88363,11
3.5,1000,31,20,0.75,0.1,0,TRUE,TRUE,confirmed,0,41,61,81,0.5,1.2,smooth,FALSE,t_20_31_R_3.5_init_1000_week_0.75_norm_0.1_timevar_TRUE_TRUE_fixed_FALSE_misdelay_0.csv,/Users/jana/Documents/PhD/covid/Re_project/paper_sim/estimated/smooth/confirmed,/Users/jana/Documents/PhD/covid/Re_project/paper_sim/simulated/confirmed,/infection_t_20_31_R_3.5_init_1000_week_0.75_norm_0.1_timevar_TRUE_TRUE_fixed_FALSE_misdelay_0.csv,/Re_t_20_31_R_3.5_init_1000_week_0.75_norm_0.1_timevar_TRUE_TRUE_fixed_FALSE_misdelay_0.csv,TRUE,TRUE,318642,1179494,0.26319009665778437,-0.011662718304995654,0,0.05405405405405406,0.011863024740846217,0.9459459459459459,0.06477793659504853,0.4594594594594595,FALSE,0.42939942561303057,258317,11
2.5,10,36,20,0.75,0.1,0,TRUE,TRUE,confirmed,0,46,66,86,0.5,1.2,smooth,FALSE,t_20_36_R_2.5_init_10_week_0.75_norm_0.1_timevar_TRUE_TRUE_fixed_FALSE_misdelay_0.csv,/Users/jana/Documents/PhD/covid/Re_project/paper_sim/estimated/smooth/confirmed,/Users/jana/Documents/PhD/covid/Re_project/paper_sim/simulated/confirmed,/infection_t_20_36_R_2.5_init_10_week_0.75_norm_0.1_timevar_TRUE_TRUE_fixed_FALSE_misdelay_0.csv,/Re_t_20_36_R_2.5_init_10_week_0.75_norm_0.1_timevar_TRUE_TRUE_fixed_FALSE_misdelay_0.csv,TRUE,TRUE,330961,1191064,0.13080704920094388,0.001865997202505309,0,0.618421052631579,0.3137181261757178,1,0.0367636353007408,1,FALSE,0.31642615339158775,392,16
3,10,36,20,0.75,0.1,0,TRUE,TRUE,confirmed,0,46,66,86,0.5,1.2,smooth,FALSE,t_20_36_R_3_init_10_week_0.75_norm_0.1_timevar_TRUE_TRUE_fixed_FALSE_misdelay_0.csv,/Users/jana/Documents/PhD/covid/Re_project/paper_sim/estimated/smooth/confirmed,/Users/jana/Documents/PhD/covid/Re_project/paper_sim/simulated/confirmed,/infection_t_20_36_R_3_init_10_week_0.75_norm_0.1_timevar_TRUE_TRUE_fixed_FALSE_misdelay_0.csv,/Re_t_20_36_R_3_init_10_week_0.75_norm_0.1_timevar_TRUE_TRUE_fixed_FALSE_misdelay_0.csv,TRUE,TRUE,332079,1198329,0.15335416647329325,0.011624485527044348,0,0.4342105263157895,0.1542328362774506,1,0.05328036752624577,0.9342105263157895,FALSE,0.31057554142221155,1601,16
3.5,10,36,20,0.75,0.1,0,TRUE,TRUE,confirmed,0,46,66,86,0.5,1.2,smooth,FALSE,t_20_36_R_3.5_init_10_week_0.75_norm_0.1_timevar_TRUE_TRUE_fixed_FALSE_misdelay_0.csv,/Users/jana/Documents/PhD/covid/Re_project/paper_sim/estimated/smooth/confirmed,/Users/jana/Documents/PhD/covid/Re_project/paper_sim/simulated/confirmed,/infection_t_20_36_R_3.5_init_10_week_0.75_norm_0.1_timevar_TRUE_TRUE_fixed_FALSE_misdelay_0.csv,/Re_t_20_36_R_3.5_init_10_week_0.75_norm_0.1_timevar_TRUE_TRUE_fixed_FALSE_misdelay_0.csv,TRUE,TRUE,324156,1190194,0.16028606247431848,0.005098919346119424,0,0.30666666666666664,0.08383569968309756,1,0.04341810499748761,0.8133333333333334,FALSE,0.2626818053950663,5222,16
2.5,100,36,20,0.75,0.1,0,TRUE,TRUE,confirmed,0,46,66,86,0.5,1.2,smooth,FALSE,t_20_36_R_2.5_init_100_week_0.75_norm_0.1_timevar_TRUE_TRUE_fixed_FALSE_misdelay_0.csv,/Users/jana/Documents/PhD/covid/Re_project/paper_sim/estimated/smooth/confirmed,/Users/jana/Documents/PhD/covid/Re_project/paper_sim/simulated/confirmed,/infection_t_20_36_R_2.5_init_100_week_0.75_norm_0.1_timevar_TRUE_TRUE_fixed_FALSE_misdelay_0.csv,/Re_t_20_36_R_2.5_init_100_week_0.75_norm_0.1_timevar_TRUE_TRUE_fixed_FALSE_misdelay_0.csv,TRUE,TRUE,337057,1256735,0.20392748053384238,-0.014698141655194084,0,0.3037974683544304,0.09718878195157821,1,0.049754469008804425,0.8227848101265823,FALSE,0.3850175242674046,4001,16
3,100,36,20,0.75,0.1,0,TRUE,TRUE,confirmed,0,46,66,86,0.5,1.2,smooth,FALSE,t_20_36_R_3_init_100_week_0.75_norm_0.1_timevar_TRUE_TRUE_fixed_FALSE_misdelay_0.csv,/Users/jana/Documents/PhD/covid/Re_project/paper_sim/estimated/smooth/confirmed,/Users/jana/Documents/PhD/covid/Re_project/paper_sim/simulated/confirmed,/infection_t_20_36_R_3_init_100_week_0.75_norm_0.1_timevar_TRUE_TRUE_fixed_FALSE_misdelay_0.csv,/Re_t_20_36_R_3_init_100_week_0.75_norm_0.1_timevar_TRUE_TRUE_fixed_FALSE_misdelay_0.csv,TRUE,TRUE,333359,1238404,0.19458945195347505,0.003394820101551143,0,0.16666666666666666,0.05153429628818901,0.9864864864864865,0.052708343966170794,0.9358974358974359,FALSE,0.35382695263621794,15608,16
3.5,100,36,20,0.75,0.1,0,TRUE,TRUE,confirmed,0,46,66,86,0.5,1.2,smooth,FALSE,t_20_36_R_3.5_init_100_week_0.75_norm_0.1_timevar_TRUE_TRUE_fixed_FALSE_misdelay_0.csv,/Users/jana/Documents/PhD/covid/Re_project/paper_sim/estimated/smooth/confirmed,/Users/jana/Documents/PhD/covid/Re_project/paper_sim/simulated/confirmed,/infection_t_20_36_R_3.5_init_100_week_0.75_norm_0.1_timevar_TRUE_TRUE_fixed_FALSE_misdelay_0.csv,/Re_t_20_36_R_3.5_init_100_week_0.75_norm_0.1_timevar_TRUE_TRUE_fixed_FALSE_misdelay_0.csv,TRUE,TRUE,336217,1253454,0.2218454081647971,-0.005734927192004805,0,0.13924050632911392,0.027843370264373002,0.974025974025974,0.05142024535275214,0.8860759493670886,FALSE,0.32168144625909484,52050,16
2.5,1000,36,20,0.75,0.1,0,TRUE,TRUE,confirmed,0,46,66,86,0.5,1.2,smooth,FALSE,t_20_36_R_2.5_init_1000_week_0.75_norm_0.1_timevar_TRUE_TRUE_fixed_FALSE_misdelay_0.csv,/Users/jana/Documents/PhD/covid/Re_project/paper_sim/estimated/smooth/confirmed,/Users/jana/Documents/PhD/covid/Re_project/paper_sim/simulated/confirmed,/infection_t_20_36_R_2.5_init_1000_week_0.75_norm_0.1_timevar_TRUE_TRUE_fixed_FALSE_misdelay_0.csv,/Re_t_20_36_R_2.5_init_1000_week_0.75_norm_0.1_timevar_TRUE_TRUE_fixed_FALSE_misdelay_0.csv,TRUE,TRUE,337588,1259802,0.1772157346447752,-0.01591698561240934,0,0.0759493670886076,0.030255313293093944,0.9615384615384616,0.038394400308500824,0.9493670886075949,FALSE,0.2827115635188082,40270,16
3,1000,36,20,0.75,0.1,0,TRUE,TRUE,confirmed,0,46,66,86,0.5,1.2,smooth,FALSE,t_20_36_R_3_init_1000_week_0.75_norm_0.1_timevar_TRUE_TRUE_fixed_FALSE_misdelay_0.csv,/Users/jana/Documents/PhD/covid/Re_project/paper_sim/estimated/smooth/confirmed,/Users/jana/Documents/PhD/covid/Re_project/paper_sim/simulated/confirmed,/infection_t_20_36_R_3_init_1000_week_0.75_norm_0.1_timevar_TRUE_TRUE_fixed_FALSE_misdelay_0.csv,/Re_t_20_36_R_3_init_1000_week_0.75_norm_0.1_timevar_TRUE_TRUE_fixed_FALSE_misdelay_0.csv,TRUE,TRUE,338426,1259471,0.2067760730783173,0.0043865342505244416,0,0.0379746835443038,0.01595780693544291,0.9620253164556962,0.05664844853293949,0.9367088607594937,FALSE,0.29474534959897525,156050,16
3.5,1000,36,20,0.75,0.1,0,TRUE,TRUE,confirmed,0,46,66,86,0.5,1.2,smooth,FALSE,t_20_36_R_3.5_init_1000_week_0.75_norm_0.1_timevar_TRUE_TRUE_fixed_FALSE_misdelay_0.csv,/Users/jana/Documents/PhD/covid/Re_project/paper_sim/estimated/smooth/confirmed,/Users/jana/Documents/PhD/covid/Re_project/paper_sim/simulated/confirmed,/infection_t_20_36_R_3.5_init_1000_week_0.75_norm_0.1_timevar_TRUE_TRUE_fixed_FALSE_misdelay_0.csv,/Re_t_20_36_R_3.5_init_1000_week_0.75_norm_0.1_timevar_TRUE_TRUE_fixed_FALSE_misdelay_0.csv,TRUE,TRUE,337849,1259415,0.20276275022236873,-0.0016607281610422386,0,0.0379746835443038,0.008477517210420782,0.9746835443037974,0.05071073248880999,0.9746835443037974,FALSE,0.34765318126896466,521647,16
2.5,10,21,20,0.75,0.1,0,TRUE,FALSE,confirmed,0,31,51,71,0.5,1.2,smooth,FALSE,t_20_21_R_2.5_init_10_week_0.75_norm_0.1_timevar_TRUE_FALSE_fixed_FALSE_misdelay_0.csv,/Users/jana/Documents/PhD/covid/Re_project/paper_sim/estimated/smooth/confirmed,/Users/jana/Documents/PhD/covid/Re_project/paper_sim/simulated/confirmed,/infection_t_20_21_R_2.5_init_10_week_0.75_norm_0.1_timevar_TRUE_FALSE_fixed_FALSE_misdelay_0.csv,/Re_t_20_21_R_2.5_init_10_week_0.75_norm_0.1_timevar_TRUE_FALSE_fixed_FALSE_misdelay_0.csv,TRUE,TRUE,254672,899522,0.28388027073996625,-0.02968558251526298,1,0.7368421052631579,0.5347424780668627,1,0.08088011079692402,0.9298245614035088,FALSE,0.898637328253404,142,1
3,10,21,20,0.75,0.1,0,TRUE,FALSE,confirmed,0,31,51,71,0.5,1.2,smooth,FALSE,t_20_21_R_3_init_10_week_0.75_norm_0.1_timevar_TRUE_FALSE_fixed_FALSE_misdelay_0.csv,/Users/jana/Documents/PhD/covid/Re_project/paper_sim/estimated/smooth/confirmed,/Users/jana/Documents/PhD/covid/Re_project/paper_sim/simulated/confirmed,/infection_t_20_21_R_3_init_10_week_0.75_norm_0.1_timevar_TRUE_FALSE_fixed_FALSE_misdelay_0.csv,/Re_t_20_21_R_3_init_10_week_0.75_norm_0.1_timevar_TRUE_FALSE_fixed_FALSE_misdelay_0.csv,TRUE,TRUE,254006,903761,0.3540669240759611,-0.02853404915860035,1,0.6666666666666666,0.3328399105489407,1,0.08670532787375045,0.9824561403508771,FALSE,0.9086308034895948,387,1
3.5,10,21,20,0.75,0.1,0,TRUE,FALSE,confirmed,0,31,51,71,0.5,1.2,smooth,FALSE,t_20_21_R_3.5_init_10_week_0.75_norm_0.1_timevar_TRUE_FALSE_fixed_FALSE_misdelay_0.csv,/Users/jana/Documents/PhD/covid/Re_project/paper_sim/estimated/smooth/confirmed,/Users/jana/Documents/PhD/covid/Re_project/paper_sim/simulated/confirmed,/infection_t_20_21_R_3.5_init_10_week_0.75_norm_0.1_timevar_TRUE_FALSE_fixed_FALSE_misdelay_0.csv,/Re_t_20_21_R_3.5_init_10_week_0.75_norm_0.1_timevar_TRUE_FALSE_fixed_FALSE_misdelay_0.csv,TRUE,TRUE,263917,919635,0.41368772084630984,-0.03060881154675491,2,0.5423728813559322,0.22851495442843373,0.9791666666666666,0.11818667077363416,0.5344827586206896,FALSE,0.9247231162094931,865,1
2.5,100,21,20,0.75,0.1,0,TRUE,FALSE,confirmed,0,31,51,71,0.5,1.2,smooth,FALSE,t_20_21_R_2.5_init_100_week_0.75_norm_0.1_timevar_TRUE_FALSE_fixed_FALSE_misdelay_0.csv,/Users/jana/Documents/PhD/covid/Re_project/paper_sim/estimated/smooth/confirmed,/Users/jana/Documents/PhD/covid/Re_project/paper_sim/simulated/confirmed,/infection_t_20_21_R_2.5_init_100_week_0.75_norm_0.1_timevar_TRUE_FALSE_fixed_FALSE_misdelay_0.csv,/Re_t_20_21_R_2.5_init_100_week_0.75_norm_0.1_timevar_TRUE_FALSE_fixed_FALSE_misdelay_0.csv,TRUE,TRUE,267793,969791,0.29564067138584477,-0.024989787229858063,1,0.4262295081967213,0.16701075760045136,1,0.08768151616509548,0.9344262295081968,FALSE,0.9021889711834635,1453,1
3,100,21,20,0.75,0.1,0,TRUE,FALSE,confirmed,0,31,51,71,0.5,1.2,smooth,FALSE,t_20_21_R_3_init_100_week_0.75_norm_0.1_timevar_TRUE_FALSE_fixed_FALSE_misdelay_0.csv,/Users/jana/Documents/PhD/covid/Re_project/paper_sim/estimated/smooth/confirmed,/Users/jana/Documents/PhD/covid/Re_project/paper_sim/simulated/confirmed,/infection_t_20_21_R_3_init_100_week_0.75_norm_0.1_timevar_TRUE_FALSE_fixed_FALSE_misdelay_0.csv,/Re_t_20_21_R_3_init_100_week_0.75_norm_0.1_timevar_TRUE_FALSE_fixed_FALSE_misdelay_0.csv,TRUE,TRUE,267794,971511,0.3336396419159122,-0.025275834603044556,1,0.3770491803278688,0.11210284994419117,0.9824561403508771,0.10057886298949183,0.7049180327868853,FALSE,0.9043798151743379,3777,1
3.5,100,21,20,0.75,0.1,0,TRUE,FALSE,confirmed,0,31,51,71,0.5,1.2,smooth,FALSE,t_20_21_R_3.5_init_100_week_0.75_norm_0.1_timevar_TRUE_FALSE_fixed_FALSE_misdelay_0.csv,/Users/jana/Documents/PhD/covid/Re_project/paper_sim/estimated/smooth/confirmed,/Users/jana/Documents/PhD/covid/Re_project/paper_sim/simulated/confirmed,/infection_t_20_21_R_3.5_init_100_week_0.75_norm_0.1_timevar_TRUE_FALSE_fixed_FALSE_misdelay_0.csv,/Re_t_20_21_R_3.5_init_100_week_0.75_norm_0.1_timevar_TRUE_FALSE_fixed_FALSE_misdelay_0.csv,TRUE,TRUE,267600,969926,0.42084296710119407,-0.03445812099341013,2,0.13114754098360656,0.07052500151002938,0.9827586206896551,0.14453124070253923,0.9344262295081968,FALSE,0.9233239719151158,8622,1
2.5,1000,21,20,0.75,0.1,0,TRUE,FALSE,confirmed,0,31,51,71,0.5,1.2,smooth,FALSE,t_20_21_R_2.5_init_1000_week_0.75_norm_0.1_timevar_TRUE_FALSE_fixed_FALSE_misdelay_0.csv,/Users/jana/Documents/PhD/covid/Re_project/paper_sim/estimated/smooth/confirmed,/Users/jana/Documents/PhD/covid/Re_project/paper_sim/simulated/confirmed,/infection_t_20_21_R_2.5_init_1000_week_0.75_norm_0.1_timevar_TRUE_FALSE_fixed_FALSE_misdelay_0.csv,/Re_t_20_21_R_2.5_init_1000_week_0.75_norm_0.1_timevar_TRUE_FALSE_fixed_FALSE_misdelay_0.csv,TRUE,TRUE,271050,983451,0.2884881309893649,-0.035268975033851596,1,0.3064516129032258,0.05482844178794033,0.9833333333333333,0.09003148071578947,0.43548387096774194,FALSE,0.8861018079105409,14629,1
3,1000,21,20,0.75,0.1,0,TRUE,FALSE,confirmed,0,31,51,71,0.5,1.2,smooth,FALSE,t_20_21_R_3_init_1000_week_0.75_norm_0.1_timevar_TRUE_FALSE_fixed_FALSE_misdelay_0.csv,/Users/jana/Documents/PhD/covid/Re_project/paper_sim/estimated/smooth/confirmed,/Users/jana/Documents/PhD/covid/Re_project/paper_sim/simulated/confirmed,/infection_t_20_21_R_3_init_1000_week_0.75_norm_0.1_timevar_TRUE_FALSE_fixed_FALSE_misdelay_0.csv,/Re_t_20_21_R_3_init_1000_week_0.75_norm_0.1_timevar_TRUE_FALSE_fixed_FALSE_misdelay_0.csv,TRUE,TRUE,270260,981877,0.3140742758253044,-0.025316437406581887,1,0.1774193548387097,0.03471801439558059,0.9836065573770492,0.09337736077382928,0.43548387096774194,FALSE,0.8992701724500365,37766,1
3.5,1000,21,20,0.75,0.1,0,TRUE,FALSE,confirmed,0,31,51,71,0.5,1.2,smooth,FALSE,t_20_21_R_3.5_init_1000_week_0.75_norm_0.1_timevar_TRUE_FALSE_fixed_FALSE_misdelay_0.csv,/Users/jana/Documents/PhD/covid/Re_project/paper_sim/estimated/smooth/confirmed,/Users/jana/Documents/PhD/covid/Re_project/paper_sim/simulated/confirmed,/infection_t_20_21_R_3.5_init_1000_week_0.75_norm_0.1_timevar_TRUE_FALSE_fixed_FALSE_misdelay_0.csv,/Re_t_20_21_R_3.5_init_1000_week_0.75_norm_0.1_timevar_TRUE_FALSE_fixed_FALSE_misdelay_0.csv,TRUE,TRUE,270622,983327,0.3363799277227797,-0.013120725166627115,1,0.11290322580645161,0.02405460246611868,0.9836065573770492,0.09230348480665689,0.3548387096774194,FALSE,0.9010481859942271,86411,1
2.5,10,26,20,0.75,0.1,0,TRUE,FALSE,confirmed,0,36,56,76,0.5,1.2,smooth,FALSE,t_20_26_R_2.5_init_10_week_0.75_norm_0.1_timevar_TRUE_FALSE_fixed_FALSE_misdelay_0.csv,/Users/jana/Documents/PhD/covid/Re_project/paper_sim/estimated/smooth/confirmed,/Users/jana/Documents/PhD/covid/Re_project/paper_sim/simulated/confirmed,/infection_t_20_26_R_2.5_init_10_week_0.75_norm_0.1_timevar_TRUE_FALSE_fixed_FALSE_misdelay_0.csv,/Re_t_20_26_R_2.5_init_10_week_0.75_norm_0.1_timevar_TRUE_FALSE_fixed_FALSE_misdelay_0.csv,TRUE,TRUE,279984,991474,0.20219997379653668,-0.013799903818620445,0,0.734375,0.452621643380057,1,0.03850782037254149,0.9841269841269841,FALSE,0.6472333111567694,172,6
3,10,26,20,0.75,0.1,0,TRUE,FALSE,confirmed,0,36,56,76,0.5,1.2,smooth,FALSE,t_20_26_R_3_init_10_week_0.75_norm_0.1_timevar_TRUE_FALSE_fixed_FALSE_misdelay_0.csv,/Users/jana/Documents/PhD/covid/Re_project/paper_sim/estimated/smooth/confirmed,/Users/jana/Documents/PhD/covid/Re_project/paper_sim/simulated/confirmed,/infection_t_20_26_R_3_init_10_week_0.75_norm_0.1_timevar_TRUE_FALSE_fixed_FALSE_misdelay_0.csv,/Re_t_20_26_R_3_init_10_week_0.75_norm_0.1_timevar_TRUE_FALSE_fixed_FALSE_misdelay_0.csv,TRUE,TRUE,278772,1001705,0.2416325288112916,-0.016078685910445128,1,0.6507936507936508,0.2654670513994397,1,0.04382566123653735,0.9841269841269841,FALSE,0.6404491701066982,525,6
3.5,10,26,20,0.75,0.1,0,TRUE,FALSE,confirmed,0,36,56,76,0.5,1.2,smooth,FALSE,t_20_26_R_3.5_init_10_week_0.75_norm_0.1_timevar_TRUE_FALSE_fixed_FALSE_misdelay_0.csv,/Users/jana/Documents/PhD/covid/Re_project/paper_sim/estimated/smooth/confirmed,/Users/jana/Documents/PhD/covid/Re_project/paper_sim/simulated/confirmed,/infection_t_20_26_R_3.5_init_10_week_0.75_norm_0.1_timevar_TRUE_FALSE_fixed_FALSE_misdelay_0.csv,/Re_t_20_26_R_3.5_init_10_week_0.75_norm_0.1_timevar_TRUE_FALSE_fixed_FALSE_misdelay_0.csv,TRUE,TRUE,277728,995198,0.29762145225484515,-0.004445129503483594,1,0.4603174603174603,0.17208377552812548,1,0.06540414167410481,0.873015873015873,FALSE,0.6569281037296124,1320,6
2.5,100,26,20,0.75,0.1,0,TRUE,FALSE,confirmed,0,36,56,76,0.5,1.2,smooth,FALSE,t_20_26_R_2.5_init_100_week_0.75_norm_0.1_timevar_TRUE_FALSE_fixed_FALSE_misdelay_0.csv,/Users/jana/Documents/PhD/covid/Re_project/paper_sim/estimated/smooth/confirmed,/Users/jana/Documents/PhD/covid/Re_project/paper_sim/simulated/confirmed,/infection_t_20_26_R_2.5_init_100_week_0.75_norm_0.1_timevar_TRUE_FALSE_fixed_FALSE_misdelay_0.csv,/Re_t_20_26_R_2.5_init_100_week_0.75_norm_0.1_timevar_TRUE_FALSE_fixed_FALSE_misdelay_0.csv,TRUE,TRUE,283873,1036384,0.20708899081895588,-0.022786693203584465,0,0.5384615384615384,0.14621498510306496,1,0.04365616146806011,0.9538461538461539,FALSE,0.6073974786574349,1754,6
3,100,26,20,0.75,0.1,0,TRUE,FALSE,confirmed,0,36,56,76,0.5,1.2,smooth,FALSE,t_20_26_R_3_init_100_week_0.75_norm_0.1_timevar_TRUE_FALSE_fixed_FALSE_misdelay_0.csv,/Users/jana/Documents/PhD/covid/Re_project/paper_sim/estimated/smooth/confirmed,/Users/jana/Documents/PhD/covid/Re_project/paper_sim/simulated/confirmed,/infection_t_20_26_R_3_init_100_week_0.75_norm_0.1_timevar_TRUE_FALSE_fixed_FALSE_misdelay_0.csv,/Re_t_20_26_R_3_init_100_week_0.75_norm_0.1_timevar_TRUE_FALSE_fixed_FALSE_misdelay_0.csv,TRUE,TRUE,283438,1036532,0.26594852202657276,-0.018289748196025014,1,0.27692307692307694,0.0829273460341402,1,0.06302825928136915,0.9538461538461539,FALSE,0.6563698731015523,5122,6
3.5,100,26,20,0.75,0.1,0,TRUE,FALSE,confirmed,0,36,56,76,0.5,1.2,smooth,FALSE,t_20_26_R_3.5_init_100_week_0.75_norm_0.1_timevar_TRUE_FALSE_fixed_FALSE_misdelay_0.csv,/Users/jana/Documents/PhD/covid/Re_project/paper_sim/estimated/smooth/confirmed,/Users/jana/Documents/PhD/covid/Re_project/paper_sim/simulated/confirmed,/infection_t_20_26_R_3.5_init_100_week_0.75_norm_0.1_timevar_TRUE_FALSE_fixed_FALSE_misdelay_0.csv,/Re_t_20_26_R_3.5_init_100_week_0.75_norm_0.1_timevar_TRUE_FALSE_fixed_FALSE_misdelay_0.csv,TRUE,TRUE,285950,1044856,0.2897968644516232,-0.005786702087094824,1,0.22727272727272727,0.05532579059718101,1,0.06087538297233766,0.3939393939393939,FALSE,0.6575062344499875,13161,6
2.5,1000,26,20,0.75,0.1,0,TRUE,FALSE,confirmed,0,36,56,76,0.5,1.2,smooth,FALSE,t_20_26_R_2.5_init_1000_week_0.75_norm_0.1_timevar_TRUE_FALSE_fixed_FALSE_misdelay_0.csv,/Users/jana/Documents/PhD/covid/Re_project/paper_sim/estimated/smooth/confirmed,/Users/jana/Documents/PhD/covid/Re_project/paper_sim/simulated/confirmed,/infection_t_20_26_R_2.5_init_1000_week_0.75_norm_0.1_timevar_TRUE_FALSE_fixed_FALSE_misdelay_0.csv,/Re_t_20_26_R_2.5_init_1000_week_0.75_norm_0.1_timevar_TRUE_FALSE_fixed_FALSE_misdelay_0.csv,TRUE,TRUE,287945,1052558,0.2258019950065494,-0.016590189647185574,0,0.18181818181818182,0.04570318988935712,1,0.05008044256418502,0.9545454545454546,FALSE,0.6519719056868466,17653,6
3,1000,26,20,0.75,0.1,0,TRUE,FALSE,confirmed,0,36,56,76,0.5,1.2,smooth,FALSE,t_20_26_R_3_init_1000_week_0.75_norm_0.1_timevar_TRUE_FALSE_fixed_FALSE_misdelay_0.csv,/Users/jana/Documents/PhD/covid/Re_project/paper_sim/estimated/smooth/confirmed,/Users/jana/Documents/PhD/covid/Re_project/paper_sim/simulated/confirmed,/infection_t_20_26_R_3_init_1000_week_0.75_norm_0.1_timevar_TRUE_FALSE_fixed_FALSE_misdelay_0.csv,/Re_t_20_26_R_3_init_1000_week_0.75_norm_0.1_timevar_TRUE_FALSE_fixed_FALSE_misdelay_0.csv,TRUE,TRUE,289354,1061563,0.27870943763124983,-0.015682377559754927,1,0.11940298507462686,0.027214005867348012,1,0.06566032921878723,0.7910447761194029,FALSE,0.6952483472860397,51209,6
3.5,1000,26,20,0.75,0.1,0,TRUE,FALSE,confirmed,0,36,56,76,0.5,1.2,smooth,FALSE,t_20_26_R_3.5_init_1000_week_0.75_norm_0.1_timevar_TRUE_FALSE_fixed_FALSE_misdelay_0.csv,/Users/jana/Documents/PhD/covid/Re_project/paper_sim/estimated/smooth/confirmed,/Users/jana/Documents/PhD/covid/Re_project/paper_sim/simulated/confirmed,/infection_t_20_26_R_3.5_init_1000_week_0.75_norm_0.1_timevar_TRUE_FALSE_fixed_FALSE_misdelay_0.csv,/Re_t_20_26_R_3.5_init_1000_week_0.75_norm_0.1_timevar_TRUE_FALSE_fixed_FALSE_misdelay_0.csv,TRUE,TRUE,287737,1052055,0.2738799672424278,-0.003993583351374038,1,0.045454545454545456,0.017427804974096794,0.9846153846153847,0.04727911703171826,0.24242424242424243,FALSE,0.662968469926543,131900,6
2.5,10,31,20,0.75,0.1,0,TRUE,FALSE,confirmed,0,41,61,81,0.5,1.2,smooth,FALSE,t_20_31_R_2.5_init_10_week_0.75_norm_0.1_timevar_TRUE_FALSE_fixed_FALSE_misdelay_0.csv,/Users/jana/Documents/PhD/covid/Re_project/paper_sim/estimated/smooth/confirmed,/Users/jana/Documents/PhD/covid/Re_project/paper_sim/simulated/confirmed,/infection_t_20_31_R_2.5_init_10_week_0.75_norm_0.1_timevar_TRUE_FALSE_fixed_FALSE_misdelay_0.csv,/Re_t_20_31_R_2.5_init_10_week_0.75_norm_0.1_timevar_TRUE_FALSE_fixed_FALSE_misdelay_0.csv,TRUE,TRUE,291454,1052734,0.18443922491126105,-0.009794022919144139,0,0.696969696969697,0.3497593534258097,1,0.03686241883307363,0.9242424242424242,FALSE,0.47582105252938867,255,11
3,10,31,20,0.75,0.1,0,TRUE,FALSE,confirmed,0,41,61,81,0.5,1.2,smooth,FALSE,t_20_31_R_3_init_10_week_0.75_norm_0.1_timevar_TRUE_FALSE_fixed_FALSE_misdelay_0.csv,/Users/jana/Documents/PhD/covid/Re_project/paper_sim/estimated/smooth/confirmed,/Users/jana/Documents/PhD/covid/Re_project/paper_sim/simulated/confirmed,/infection_t_20_31_R_3_init_10_week_0.75_norm_0.1_timevar_TRUE_FALSE_fixed_FALSE_misdelay_0.csv,/Re_t_20_31_R_3_init_10_week_0.75_norm_0.1_timevar_TRUE_FALSE_fixed_FALSE_misdelay_0.csv,TRUE,TRUE,306501,1089857,0.14631609156110903,0.0025762619280332074,0,0.6571428571428571,0.2154987461531397,1,0.02925623626077601,0.6811594202898551,FALSE,0.3556754851699324,907,11
3.5,10,31,20,0.75,0.1,0,TRUE,FALSE,confirmed,0,41,61,81,0.5,1.2,smooth,FALSE,t_20_31_R_3.5_init_10_week_0.75_norm_0.1_timevar_TRUE_FALSE_fixed_FALSE_misdelay_0.csv,/Users/jana/Documents/PhD/covid/Re_project/paper_sim/estimated/smooth/confirmed,/Users/jana/Documents/PhD/covid/Re_project/paper_sim/simulated/confirmed,/infection_t_20_31_R_3.5_init_10_week_0.75_norm_0.1_timevar_TRUE_FALSE_fixed_FALSE_misdelay_0.csv,/Re_t_20_31_R_3.5_init_10_week_0.75_norm_0.1_timevar_TRUE_FALSE_fixed_FALSE_misdelay_0.csv,TRUE,TRUE,301497,1087564,0.19640827660710536,0.002027057401249599,0,0.5362318840579711,0.12530969863331842,1,0.04350298568664242,0.7101449275362319,FALSE,0.4029323283562928,2586,11
2.5,100,31,20,0.75,0.1,0,TRUE,FALSE,confirmed,0,41,61,81,0.5,1.2,smooth,FALSE,t_20_31_R_2.5_init_100_week_0.75_norm_0.1_timevar_TRUE_FALSE_fixed_FALSE_misdelay_0.csv,/Users/jana/Documents/PhD/covid/Re_project/paper_sim/estimated/smooth/confirmed,/Users/jana/Documents/PhD/covid/Re_project/paper_sim/simulated/confirmed,/infection_t_20_31_R_2.5_init_100_week_0.75_norm_0.1_timevar_TRUE_FALSE_fixed_FALSE_misdelay_0.csv,/Re_t_20_31_R_2.5_init_100_week_0.75_norm_0.1_timevar_TRUE_FALSE_fixed_FALSE_misdelay_0.csv,TRUE,TRUE,304757,1122386,0.17015935775342997,-0.009592618632736591,0,0.4647887323943662,0.12099517912289381,1,0.0415218263726065,1,FALSE,0.3784284242758794,2608,11
3,100,31,20,0.75,0.1,0,TRUE,FALSE,confirmed,0,41,61,81,0.5,1.2,smooth,FALSE,t_20_31_R_3_init_100_week_0.75_norm_0.1_timevar_TRUE_FALSE_fixed_FALSE_misdelay_0.csv,/Users/jana/Documents/PhD/covid/Re_project/paper_sim/estimated/smooth/confirmed,/Users/jana/Documents/PhD/covid/Re_project/paper_sim/simulated/confirmed,/infection_t_20_31_R_3_init_100_week_0.75_norm_0.1_timevar_TRUE_FALSE_fixed_FALSE_misdelay_0.csv,/Re_t_20_31_R_3_init_100_week_0.75_norm_0.1_timevar_TRUE_FALSE_fixed_FALSE_misdelay_0.csv,TRUE,TRUE,305893,1127460,0.18999124748228396,-0.006897229638312675,0,0.2112676056338028,0.06546464492894355,1,0.05115802527520258,0.9436619718309859,FALSE,0.4169553024204632,8838,11
3.5,100,31,20,0.75,0.1,0,TRUE,FALSE,confirmed,0,41,61,81,0.5,1.2,smooth,FALSE,t_20_31_R_3.5_init_100_week_0.75_norm_0.1_timevar_TRUE_FALSE_fixed_FALSE_misdelay_0.csv,/Users/jana/Documents/PhD/covid/Re_project/paper_sim/estimated/smooth/confirmed,/Users/jana/Documents/PhD/covid/Re_project/paper_sim/simulated/confirmed,/infection_t_20_31_R_3.5_init_100_week_0.75_norm_0.1_timevar_TRUE_FALSE_fixed_FALSE_misdelay_0.csv,/Re_t_20_31_R_3.5_init_100_week_0.75_norm_0.1_timevar_TRUE_FALSE_fixed_FALSE_misdelay_0.csv,TRUE,TRUE,306479,1129858,0.18973799932976795,0.0023124357912864607,0,0.2112676056338028,0.04031009662311469,0.9855072463768116,0.04711708423043518,0.7746478873239436,FALSE,0.35174823809401645,25774,11
2.5,1000,31,20,0.75,0.1,0,TRUE,FALSE,confirmed,0,41,61,81,0.5,1.2,smooth,FALSE,t_20_31_R_2.5_init_1000_week_0.75_norm_0.1_timevar_TRUE_FALSE_fixed_FALSE_misdelay_0.csv,/Users/jana/Documents/PhD/covid/Re_project/paper_sim/estimated/smooth/confirmed,/Users/jana/Documents/PhD/covid/Re_project/paper_sim/simulated/confirmed,/infection_t_20_31_R_2.5_init_1000_week_0.75_norm_0.1_timevar_TRUE_FALSE_fixed_FALSE_misdelay_0.csv,/Re_t_20_31_R_2.5_init_1000_week_0.75_norm_0.1_timevar_TRUE_FALSE_fixed_FALSE_misdelay_0.csv,TRUE,TRUE,305567,1125913,0.16131825589663676,-0.012180915686980046,0,0.11267605633802817,0.03886469285980576,0.9571428571428572,0.040562490394663565,0.9577464788732394,FALSE,0.3409939182892121,26257,11
3,1000,31,20,0.75,0.1,0,TRUE,FALSE,confirmed,0,41,61,81,0.5,1.2,smooth,FALSE,t_20_31_R_3_init_1000_week_0.75_norm_0.1_timevar_TRUE_FALSE_fixed_FALSE_misdelay_0.csv,/Users/jana/Documents/PhD/covid/Re_project/paper_sim/estimated/smooth/confirmed,/Users/jana/Documents/PhD/covid/Re_project/paper_sim/simulated/confirmed,/infection_t_20_31_R_3_init_1000_week_0.75_norm_0.1_timevar_TRUE_FALSE_fixed_FALSE_misdelay_0.csv,/Re_t_20_31_R_3_init_1000_week_0.75_norm_0.1_timevar_TRUE_FALSE_fixed_FALSE_misdelay_0.csv,TRUE,TRUE,306767,1132473,0.18908220283372118,-0.008329826701035357,0,0.04225352112676056,0.022156003184162554,0.9577464788732394,0.04831319566391822,0.9436619718309859,FALSE,0.3943148888111191,88363,11
3.5,1000,31,20,0.75,0.1,0,TRUE,FALSE,confirmed,0,41,61,81,0.5,1.2,smooth,FALSE,t_20_31_R_3.5_init_1000_week_0.75_norm_0.1_timevar_TRUE_FALSE_fixed_FALSE_misdelay_0.csv,/Users/jana/Documents/PhD/covid/Re_project/paper_sim/estimated/smooth/confirmed,/Users/jana/Documents/PhD/covid/Re_project/paper_sim/simulated/confirmed,/infection_t_20_31_R_3.5_init_1000_week_0.75_norm_0.1_timevar_TRUE_FALSE_fixed_FALSE_misdelay_0.csv,/Re_t_20_31_R_3.5_init_1000_week_0.75_norm_0.1_timevar_TRUE_FALSE_fixed_FALSE_misdelay_0.csv,TRUE,TRUE,307065,1131860,0.19644958847240387,0.008419251769118195,0,0.056338028169014086,0.012964047787969113,0.971830985915493,0.04366011584696999,0.8591549295774648,FALSE,0.3597222774773555,258317,11
2.5,10,36,20,0.75,0.1,0,TRUE,FALSE,confirmed,0,46,66,86,0.5,1.2,smooth,FALSE,t_20_36_R_2.5_init_10_week_0.75_norm_0.1_timevar_TRUE_FALSE_fixed_FALSE_misdelay_0.csv,/Users/jana/Documents/PhD/covid/Re_project/paper_sim/estimated/smooth/confirmed,/Users/jana/Documents/PhD/covid/Re_project/paper_sim/simulated/confirmed,/infection_t_20_36_R_2.5_init_10_week_0.75_norm_0.1_timevar_TRUE_FALSE_fixed_FALSE_misdelay_0.csv,/Re_t_20_36_R_2.5_init_10_week_0.75_norm_0.1_timevar_TRUE_FALSE_fixed_FALSE_misdelay_0.csv,TRUE,TRUE,309453,1125383,0.11688536854230322,-0.0046284629033373,-1,0.704225352112676,0.3127233347642806,1,0.030404904115937135,0.971830985915493,FALSE,0.25275487452208006,392,16
3,10,36,20,0.75,0.1,0,TRUE,FALSE,confirmed,0,46,66,86,0.5,1.2,smooth,FALSE,t_20_36_R_3_init_10_week_0.75_norm_0.1_timevar_TRUE_FALSE_fixed_FALSE_misdelay_0.csv,/Users/jana/Documents/PhD/covid/Re_project/paper_sim/estimated/smooth/confirmed,/Users/jana/Documents/PhD/covid/Re_project/paper_sim/simulated/confirmed,/infection_t_20_36_R_3_init_10_week_0.75_norm_0.1_timevar_TRUE_FALSE_fixed_FALSE_misdelay_0.csv,/Re_t_20_36_R_3_init_10_week_0.75_norm_0.1_timevar_TRUE_FALSE_fixed_FALSE_misdelay_0.csv,TRUE,TRUE,316824,1147751,0.13482997173004993,0.009344636516402726,0,0.589041095890411,0.15739283191014275,1,0.030847401369366725,0.9722222222222222,FALSE,0.2701939269097111,1601,16
3.5,10,36,20,0.75,0.1,0,TRUE,FALSE,confirmed,0,46,66,86,0.5,1.2,smooth,FALSE,t_20_36_R_3.5_init_10_week_0.75_norm_0.1_timevar_TRUE_FALSE_fixed_FALSE_misdelay_0.csv,/Users/jana/Documents/PhD/covid/Re_project/paper_sim/estimated/smooth/confirmed,/Users/jana/Documents/PhD/covid/Re_project/paper_sim/simulated/confirmed,/infection_t_20_36_R_3.5_init_10_week_0.75_norm_0.1_timevar_TRUE_FALSE_fixed_FALSE_misdelay_0.csv,/Re_t_20_36_R_3.5_init_10_week_0.75_norm_0.1_timevar_TRUE_FALSE_fixed_FALSE_misdelay_0.csv,TRUE,TRUE,316574,1156877,0.1395992356748298,0.016785077836850633,-1,0.3835616438356164,0.08650801953973875,0.971830985915493,0.032704044293870416,0.958904109589041,FALSE,0.18703911996561018,5222,16
2.5,100,36,20,0.75,0.1,0,TRUE,FALSE,confirmed,0,46,66,86,0.5,1.2,smooth,FALSE,t_20_36_R_2.5_init_100_week_0.75_norm_0.1_timevar_TRUE_FALSE_fixed_FALSE_misdelay_0.csv,/Users/jana/Documents/PhD/covid/Re_project/paper_sim/estimated/smooth/confirmed,/Users/jana/Documents/PhD/covid/Re_project/paper_sim/simulated/confirmed,/infection_t_20_36_R_2.5_init_100_week_0.75_norm_0.1_timevar_TRUE_FALSE_fixed_FALSE_misdelay_0.csv,/Re_t_20_36_R_2.5_init_100_week_0.75_norm_0.1_timevar_TRUE_FALSE_fixed_FALSE_misdelay_0.csv,TRUE,TRUE,321730,1194227,0.13581354797620745,-0.0012592641291349009,-1,0.37333333333333335,0.09896915562716768,0.9861111111111112,0.03465434360503661,0.9466666666666667,FALSE,0.18037325927310774,4001,16
3,100,36,20,0.75,0.1,0,TRUE,FALSE,confirmed,0,46,66,86,0.5,1.2,smooth,FALSE,t_20_36_R_3_init_100_week_0.75_norm_0.1_timevar_TRUE_FALSE_fixed_FALSE_misdelay_0.csv,/Users/jana/Documents/PhD/covid/Re_project/paper_sim/estimated/smooth/confirmed,/Users/jana/Documents/PhD/covid/Re_project/paper_sim/simulated/confirmed,/infection_t_20_36_R_3_init_100_week_0.75_norm_0.1_timevar_TRUE_FALSE_fixed_FALSE_misdelay_0.csv,/Re_t_20_36_R_3_init_100_week_0.75_norm_0.1_timevar_TRUE_FALSE_fixed_FALSE_misdelay_0.csv,TRUE,TRUE,323055,1195959,0.15891100389512006,0.002292711913495815,-1,0.30666666666666664,0.0501829879929504,0.9863013698630136,0.03963852795170606,0.88,FALSE,0.2768259878057797,15608,16
3.5,100,36,20,0.75,0.1,0,TRUE,FALSE,confirmed,0,46,66,86,0.5,1.2,smooth,FALSE,t_20_36_R_3.5_init_100_week_0.75_norm_0.1_timevar_TRUE_FALSE_fixed_FALSE_misdelay_0.csv,/Users/jana/Documents/PhD/covid/Re_project/paper_sim/estimated/smooth/confirmed,/Users/jana/Documents/PhD/covid/Re_project/paper_sim/simulated/confirmed,/infection_t_20_36_R_3.5_init_100_week_0.75_norm_0.1_timevar_TRUE_FALSE_fixed_FALSE_misdelay_0.csv,/Re_t_20_36_R_3.5_init_100_week_0.75_norm_0.1_timevar_TRUE_FALSE_fixed_FALSE_misdelay_0.csv,TRUE,TRUE,325108,1208879,0.1846486905562094,0.009017854660092507,-1,0.14473684210526316,0.02892269072423781,0.9466666666666667,0.047417145503316244,0.7763157894736842,FALSE,0.2910876880865164,52050,16
2.5,1000,36,20,0.75,0.1,0,TRUE,FALSE,confirmed,0,46,66,86,0.5,1.2,smooth,FALSE,t_20_36_R_2.5_init_1000_week_0.75_norm_0.1_timevar_TRUE_FALSE_fixed_FALSE_misdelay_0.csv,/Users/jana/Documents/PhD/covid/Re_project/paper_sim/estimated/smooth/confirmed,/Users/jana/Documents/PhD/covid/Re_project/paper_sim/simulated/confirmed,/infection_t_20_36_R_2.5_init_1000_week_0.75_norm_0.1_timevar_TRUE_FALSE_fixed_FALSE_misdelay_0.csv,/Re_t_20_36_R_2.5_init_1000_week_0.75_norm_0.1_timevar_TRUE_FALSE_fixed_FALSE_misdelay_0.csv,TRUE,TRUE,328739,1223607,0.13599135810159935,0.0035398564719972356,-1,0.11688311688311688,0.03272363300134651,0.9733333333333334,0.03737926980543966,0.8571428571428571,FALSE,0.19597987113355111,40270,16
3,1000,36,20,0.75,0.1,0,TRUE,FALSE,confirmed,0,46,66,86,0.5,1.2,smooth,FALSE,t_20_36_R_3_init_1000_week_0.75_norm_0.1_timevar_TRUE_FALSE_fixed_FALSE_misdelay_0.csv,/Users/jana/Documents/PhD/covid/Re_project/paper_sim/estimated/smooth/confirmed,/Users/jana/Documents/PhD/covid/Re_project/paper_sim/simulated/confirmed,/infection_t_20_36_R_3_init_1000_week_0.75_norm_0.1_timevar_TRUE_FALSE_fixed_FALSE_misdelay_0.csv,/Re_t_20_36_R_3_init_1000_week_0.75_norm_0.1_timevar_TRUE_FALSE_fixed_FALSE_misdelay_0.csv,TRUE,TRUE,329407,1222611,0.15361000571915542,-9.428853783897013e-4,-1,0.025974025974025976,0.01630237389910083,0.9473684210526315,0.04418657435197233,0.922077922077922,FALSE,0.29140626928629143,156050,16
3.5,1000,36,20,0.75,0.1,0,TRUE,FALSE,confirmed,0,46,66,86,0.5,1.2,smooth,FALSE,t_20_36_R_3.5_init_1000_week_0.75_norm_0.1_timevar_TRUE_FALSE_fixed_FALSE_misdelay_0.csv,/Users/jana/Documents/PhD/covid/Re_project/paper_sim/estimated/smooth/confirmed,/Users/jana/Documents/PhD/covid/Re_project/paper_sim/simulated/confirmed,/infection_t_20_36_R_3.5_init_1000_week_0.75_norm_0.1_timevar_TRUE_FALSE_fixed_FALSE_misdelay_0.csv,/Re_t_20_36_R_3.5_init_1000_week_0.75_norm_0.1_timevar_TRUE_FALSE_fixed_FALSE_misdelay_0.csv,TRUE,TRUE,328593,1223161,0.14973152426802178,0.015100628961919426,-1,0.05194805194805195,0.009246574383904527,0.974025974025974,0.04212058755436291,0.5844155844155844,FALSE,0.23796137826401392,521647,16
2.5,10,21,20,0.75,0.1,0,TRUE,TRUE,death,0,31,51,71,0.5,1.2,smooth,FALSE,t_20_21_R_2.5_init_10_week_0.75_norm_0.1_timevar_TRUE_TRUE_fixed_FALSE_misdelay_0.csv,/Users/jana/Documents/PhD/covid/Re_project/paper_sim/estimated/smooth/death,/Users/jana/Documents/PhD/covid/Re_project/paper_sim/simulated/death,/infection_t_20_21_R_2.5_init_10_week_0.75_norm_0.1_timevar_TRUE_TRUE_fixed_FALSE_misdelay_0.csv,/Re_t_20_21_R_2.5_init_10_week_0.75_norm_0.1_timevar_TRUE_TRUE_fixed_FALSE_misdelay_0.csv,TRUE,TRUE,204616,711048,0.37695554256244257,-0.03435611952298873,2,0.6,0.40967053773139783,1,0.14966552646066741,0.9777777777777777,FALSE,0.9117150146127503,142,1
3,10,21,20,0.75,0.1,0,TRUE,TRUE,death,0,31,51,71,0.5,1.2,smooth,FALSE,t_20_21_R_3_init_10_week_0.75_norm_0.1_timevar_TRUE_TRUE_fixed_FALSE_misdelay_0.csv,/Users/jana/Documents/PhD/covid/Re_project/paper_sim/estimated/smooth/death,/Users/jana/Documents/PhD/covid/Re_project/paper_sim/simulated/death,/infection_t_20_21_R_3_init_10_week_0.75_norm_0.1_timevar_TRUE_TRUE_fixed_FALSE_misdelay_0.csv,/Re_t_20_21_R_3_init_10_week_0.75_norm_0.1_timevar_TRUE_TRUE_fixed_FALSE_misdelay_0.csv,TRUE,TRUE,193146,665311,0.4573844641545799,-0.06170360798742311,3,0.30952380952380953,0.2580625293453933,0.9259259259259259,0.18165965017095967,0.9761904761904762,FALSE,0.8964245239254035,387,1
3.5,10,21,20,0.75,0.1,0,TRUE,TRUE,death,0,31,51,71,0.5,1.2,smooth,FALSE,t_20_21_R_3.5_init_10_week_0.75_norm_0.1_timevar_TRUE_TRUE_fixed_FALSE_misdelay_0.csv,/Users/jana/Documents/PhD/covid/Re_project/paper_sim/estimated/smooth/death,/Users/jana/Documents/PhD/covid/Re_project/paper_sim/simulated/death,/infection_t_20_21_R_3.5_init_10_week_0.75_norm_0.1_timevar_TRUE_TRUE_fixed_FALSE_misdelay_0.csv,/Re_t_20_21_R_3.5_init_10_week_0.75_norm_0.1_timevar_TRUE_TRUE_fixed_FALSE_misdelay_0.csv,TRUE,TRUE,200872,698739,0.5242282843108301,-0.05884923777435184,3,0.20454545454545456,0.1868711025849974,0.9,0.1863184304928666,0.5909090909090909,FALSE,0.9143115973997332,865,1
2.5,100,21,20,0.75,0.1,0,TRUE,TRUE,death,0,31,51,71,0.5,1.2,smooth,FALSE,t_20_21_R_2.5_init_100_week_0.75_norm_0.1_timevar_TRUE_TRUE_fixed_FALSE_misdelay_0.csv,/Users/jana/Documents/PhD/covid/Re_project/paper_sim/estimated/smooth/death,/Users/jana/Documents/PhD/covid/Re_project/paper_sim/simulated/death,/infection_t_20_21_R_2.5_init_100_week_0.75_norm_0.1_timevar_TRUE_TRUE_fixed_FALSE_misdelay_0.csv,/Re_t_20_21_R_2.5_init_100_week_0.75_norm_0.1_timevar_TRUE_TRUE_fixed_FALSE_misdelay_0.csv,TRUE,TRUE,209870,733104,0.3428641545393887,-0.04453383179053694,2,0.06521739130434782,0.13660996669787212,0.8823529411764706,0.12351824635395417,1,FALSE,0.8957653264561841,1453,1
3,100,21,20,0.75,0.1,0,TRUE,TRUE,death,0,31,51,71,0.5,1.2,smooth,FALSE,t_20_21_R_3_init_100_week_0.75_norm_0.1_timevar_TRUE_TRUE_fixed_FALSE_misdelay_0.csv,/Users/jana/Documents/PhD/covid/Re_project/paper_sim/estimated/smooth/death,/Users/jana/Documents/PhD/covid/Re_project/paper_sim/simulated/death,/infection_t_20_21_R_3_init_100_week_0.75_norm_0.1_timevar_TRUE_TRUE_fixed_FALSE_misdelay_0.csv,/Re_t_20_21_R_3_init_100_week_0.75_norm_0.1_timevar_TRUE_TRUE_fixed_FALSE_misdelay_0.csv,TRUE,TRUE,212309,744251,0.3538947975353754,-0.03613511392749345,2,0.0851063829787234,0.09059303136405861,0.8918918918918919,0.12669630827289308,0.7021276595744681,FALSE,0.876492909152902,3777,1
3.5,100,21,20,0.75,0.1,0,TRUE,TRUE,death,0,31,51,71,0.5,1.2,smooth,FALSE,t_20_21_R_3.5_init_100_week_0.75_norm_0.1_timevar_TRUE_TRUE_fixed_FALSE_misdelay_0.csv,/Users/jana/Documents/PhD/covid/Re_project/paper_sim/estimated/smooth/death,/Users/jana/Documents/PhD/covid/Re_project/paper_sim/simulated/death,/infection_t_20_21_R_3.5_init_100_week_0.75_norm_0.1_timevar_TRUE_TRUE_fixed_FALSE_misdelay_0.csv,/Re_t_20_21_R_3.5_init_100_week_0.75_norm_0.1_timevar_TRUE_TRUE_fixed_FALSE_misdelay_0.csv,TRUE,TRUE,219307,774038,0.4203841848632198,-0.042384683618786834,2,0.04081632653061224,0.06438935375457122,0.9130434782608695,0.14595990047889948,0.2857142857142857,FALSE,0.895227844906539,8622,1
2.5,1000,21,20,0.75,0.1,0,TRUE,TRUE,death,0,31,51,71,0.5,1.2,smooth,FALSE,t_20_21_R_2.5_init_1000_week_0.75_norm_0.1_timevar_TRUE_TRUE_fixed_FALSE_misdelay_0.csv,/Users/jana/Documents/PhD/covid/Re_project/paper_sim/estimated/smooth/death,/Users/jana/Documents/PhD/covid/Re_project/paper_sim/simulated/death,/infection_t_20_21_R_2.5_init_1000_week_0.75_norm_0.1_timevar_TRUE_TRUE_fixed_FALSE_misdelay_0.csv,/Re_t_20_21_R_2.5_init_1000_week_0.75_norm_0.1_timevar_TRUE_TRUE_fixed_FALSE_misdelay_0.csv,TRUE,TRUE,217599,765111,0.31923042401810126,-0.04821587944053883,2,0.0625,0.043178306706670944,0.9148936170212766,0.10837528925194563,0.9583333333333334,FALSE,0.8988908625550108,14629,1
3,1000,21,20,0.75,0.1,0,TRUE,TRUE,death,0,31,51,71,0.5,1.2,smooth,FALSE,t_20_21_R_3_init_1000_week_0.75_norm_0.1_timevar_TRUE_TRUE_fixed_FALSE_misdelay_0.csv,/Users/jana/Documents/PhD/covid/Re_project/paper_sim/estimated/smooth/death,/Users/jana/Documents/PhD/covid/Re_project/paper_sim/simulated/death,/infection_t_20_21_R_3_init_1000_week_0.75_norm_0.1_timevar_TRUE_TRUE_fixed_FALSE_misdelay_0.csv,/Re_t_20_21_R_3_init_1000_week_0.75_norm_0.1_timevar_TRUE_TRUE_fixed_FALSE_misdelay_0.csv,TRUE,TRUE,220950,779001,0.4245313623661763,-0.03422039790965144,2,0.02040816326530612,0.028411219066698745,0.7291666666666666,0.16463222699050764,0.673469387755102,FALSE,0.9253800838862032,37766,1
3.5,1000,21,20,0.75,0.1,0,TRUE,TRUE,death,0,31,51,71,0.5,1.2,smooth,FALSE,t_20_21_R_3.5_init_1000_week_0.75_norm_0.1_timevar_TRUE_TRUE_fixed_FALSE_misdelay_0.csv,/Users/jana/Documents/PhD/covid/Re_project/paper_sim/estimated/smooth/death,/Users/jana/Documents/PhD/covid/Re_project/paper_sim/simulated/death,/infection_t_20_21_R_3.5_init_1000_week_0.75_norm_0.1_timevar_TRUE_TRUE_fixed_FALSE_misdelay_0.csv,/Re_t_20_21_R_3.5_init_1000_week_0.75_norm_0.1_timevar_TRUE_TRUE_fixed_FALSE_misdelay_0.csv,TRUE,TRUE,221281,781498,0.43963830296138273,-0.04036444685901176,2,0.02040816326530612,0.020692037246563766,0.875,0.14950444517634903,1,FALSE,0.9140698250021583,86411,1
2.5,10,26,20,0.75,0.1,0,TRUE,TRUE,death,0,36,56,76,0.5,1.2,smooth,FALSE,t_20_26_R_2.5_init_10_week_0.75_norm_0.1_timevar_TRUE_TRUE_fixed_FALSE_misdelay_0.csv,/Users/jana/Documents/PhD/covid/Re_project/paper_sim/estimated/smooth/death,/Users/jana/Documents/PhD/covid/Re_project/paper_sim/simulated/death,/infection_t_20_26_R_2.5_init_10_week_0.75_norm_0.1_timevar_TRUE_TRUE_fixed_FALSE_misdelay_0.csv,/Re_t_20_26_R_2.5_init_10_week_0.75_norm_0.1_timevar_TRUE_TRUE_fixed_FALSE_misdelay_0.csv,TRUE,TRUE,221501,781387,0.24012934730618485,-0.010815674573874742,0,0.6,0.3336390723771181,1,0.055967974695012315,0.9,FALSE,0.6046760196517924,172,6
3,10,26,20,0.75,0.1,0,TRUE,TRUE,death,0,36,56,76,0.5,1.2,smooth,FALSE,t_20_26_R_3_init_10_week_0.75_norm_0.1_timevar_TRUE_TRUE_fixed_FALSE_misdelay_0.csv,/Users/jana/Documents/PhD/covid/Re_project/paper_sim/estimated/smooth/death,/Users/jana/Documents/PhD/covid/Re_project/paper_sim/simulated/death,/infection_t_20_26_R_3_init_10_week_0.75_norm_0.1_timevar_TRUE_TRUE_fixed_FALSE_misdelay_0.csv,/Re_t_20_26_R_3_init_10_week_0.75_norm_0.1_timevar_TRUE_TRUE_fixed_FALSE_misdelay_0.csv,TRUE,TRUE,227313,806122,0.3037648701439717,-0.03049300459676648,2,0.36538461538461536,0.21102115737923832,0.9459459459459459,0.0648421866268721,0.9230769230769231,FALSE,0.6976425386569403,525,6
3.5,10,26,20,0.75,0.1,0,TRUE,TRUE,death,0,36,56,76,0.5,1.2,smooth,FALSE,t_20_26_R_3.5_init_10_week_0.75_norm_0.1_timevar_TRUE_TRUE_fixed_FALSE_misdelay_0.csv,/Users/jana/Documents/PhD/covid/Re_project/paper_sim/estimated/smooth/death,/Users/jana/Documents/PhD/covid/Re_project/paper_sim/simulated/death,/infection_t_20_26_R_3.5_init_10_week_0.75_norm_0.1_timevar_TRUE_TRUE_fixed_FALSE_misdelay_0.csv,/Re_t_20_26_R_3.5_init_10_week_0.75_norm_0.1_timevar_TRUE_TRUE_fixed_FALSE_misdelay_0.csv,TRUE,TRUE,226648,802296,0.34383213669141527,-0.01936270763198454,3,0.2692307692307692,0.14776895399699086,0.9545454545454546,0.06735140832977235,0.6730769230769231,FALSE,0.6969249621292437,1320,6
2.5,100,26,20,0.75,0.1,0,TRUE,TRUE,death,0,36,56,76,0.5,1.2,smooth,FALSE,t_20_26_R_2.5_init_100_week_0.75_norm_0.1_timevar_TRUE_TRUE_fixed_FALSE_misdelay_0.csv,/Users/jana/Documents/PhD/covid/Re_project/paper_sim/estimated/smooth/death,/Users/jana/Documents/PhD/covid/Re_project/paper_sim/simulated/death,/infection_t_20_26_R_2.5_init_100_week_0.75_norm_0.1_timevar_TRUE_TRUE_fixed_FALSE_misdelay_0.csv,/Re_t_20_26_R_2.5_init_100_week_0.75_norm_0.1_timevar_TRUE_TRUE_fixed_FALSE_misdelay_0.csv,TRUE,TRUE,232348,826132,0.25711242456917693,-0.032705348055945424,0,0.2692307692307692,0.10977807064817718,0.9791666666666666,0.058751064937312414,1,FALSE,0.6693074947665373,1754,6
3,100,26,20,0.75,0.1,0,TRUE,TRUE,death,0,36,56,76,0.5,1.2,smooth,FALSE,t_20_26_R_3_init_100_week_0.75_norm_0.1_timevar_TRUE_TRUE_fixed_FALSE_misdelay_0.csv,/Users/jana/Documents/PhD/covid/Re_project/paper_sim/estimated/smooth/death,/Users/jana/Documents/PhD/covid/Re_project/paper_sim/simulated/death,/infection_t_20_26_R_3_init_100_week_0.75_norm_0.1_timevar_TRUE_TRUE_fixed_FALSE_misdelay_0.csv,/Re_t_20_26_R_3_init_100_week_0.75_norm_0.1_timevar_TRUE_TRUE_fixed_FALSE_misdelay_0.csv,TRUE,TRUE,235557,840684,0.29145207661699235,-0.03640089529227397,2,0.24528301886792453,0.07208477288358273,0.96,0.0597229868052916,0.9245283018867925,FALSE,0.6713366879861745,5122,6
3.5,100,26,20,0.75,0.1,0,TRUE,TRUE,death,0,36,56,76,0.5,1.2,smooth,FALSE,t_20_26_R_3.5_init_100_week_0.75_norm_0.1_timevar_TRUE_TRUE_fixed_FALSE_misdelay_0.csv,/Users/jana/Documents/PhD/covid/Re_project/paper_sim/estimated/smooth/death,/Users/jana/Documents/PhD/covid/Re_project/paper_sim/simulated/death,/infection_t_20_26_R_3.5_init_100_week_0.75_norm_0.1_timevar_TRUE_TRUE_fixed_FALSE_misdelay_0.csv,/Re_t_20_26_R_3.5_init_100_week_0.75_norm_0.1_timevar_TRUE_TRUE_fixed_FALSE_misdelay_0.csv,TRUE,TRUE,235747,839623,0.31947405063698703,-0.026141533087568142,1,0.1509433962264151,0.04885167462766404,0.9807692307692307,0.06102942239431112,0.6226415094339622,FALSE,0.643950100647602,13161,6
2.5,1000,26,20,0.75,0.1,0,TRUE,TRUE,death,0,36,56,76,0.5,1.2,smooth,FALSE,t_20_26_R_2.5_init_1000_week_0.75_norm_0.1_timevar_TRUE_TRUE_fixed_FALSE_misdelay_0.csv,/Users/jana/Documents/PhD/covid/Re_project/paper_sim/estimated/smooth/death,/Users/jana/Documents/PhD/covid/Re_project/paper_sim/simulated/death,/infection_t_20_26_R_2.5_init_1000_week_0.75_norm_0.1_timevar_TRUE_TRUE_fixed_FALSE_misdelay_0.csv,/Re_t_20_26_R_2.5_init_1000_week_0.75_norm_0.1_timevar_TRUE_TRUE_fixed_FALSE_misdelay_0.csv,TRUE,TRUE,243431,870743,0.21602223461086048,-0.03600887256332849,1,0.09090909090909091,0.04039876426489619,0.9814814814814815,0.04869360759551548,0.5454545454545454,FALSE,0.6435505313616541,17653,6
3,1000,26,20,0.75,0.1,0,TRUE,TRUE,death,0,36,56,76,0.5,1.2,smooth,FALSE,t_20_26_R_3_init_1000_week_0.75_norm_0.1_timevar_TRUE_TRUE_fixed_FALSE_misdelay_0.csv,/Users/jana/Documents/PhD/covid/Re_project/paper_sim/estimated/smooth/death,/Users/jana/Documents/PhD/covid/Re_project/paper_sim/simulated/death,/infection_t_20_26_R_3_init_1000_week_0.75_norm_0.1_timevar_TRUE_TRUE_fixed_FALSE_misdelay_0.csv,/Re_t_20_26_R_3_init_1000_week_0.75_norm_0.1_timevar_TRUE_TRUE_fixed_FALSE_misdelay_0.csv,TRUE,TRUE,245864,883079,0.23327545628923024,-0.03217964400552568,1,0.017857142857142856,0.026910909337466482,0.9056603773584906,0.07476544058821495,0.19642857142857142,FALSE,0.5942259432744891,51209,6
3.5,1000,26,20,0.75,0.1,0,TRUE,TRUE,death,0,36,56,76,0.5,1.2,smooth,FALSE,t_20_26_R_3.5_init_1000_week_0.75_norm_0.1_timevar_TRUE_TRUE_fixed_FALSE_misdelay_0.csv,/Users/jana/Documents/PhD/covid/Re_project/paper_sim/estimated/smooth/death,/Users/jana/Documents/PhD/covid/Re_project/paper_sim/simulated/death,/infection_t_20_26_R_3.5_init_1000_week_0.75_norm_0.1_timevar_TRUE_TRUE_fixed_FALSE_misdelay_0.csv,/Re_t_20_26_R_3.5_init_1000_week_0.75_norm_0.1_timevar_TRUE_TRUE_fixed_FALSE_misdelay_0.csv,TRUE,TRUE,243775,872689,0.25671525059023764,-0.03775967487943602,2,0,0.016603510296285706,0.9636363636363636,0.06765229826161123,0.12727272727272726,FALSE,0.5945481885935979,131900,6
2.5,10,31,20,0.75,0.1,0,TRUE,TRUE,death,0,41,61,81,0.5,1.2,smooth,FALSE,t_20_31_R_2.5_init_10_week_0.75_norm_0.1_timevar_TRUE_TRUE_fixed_FALSE_misdelay_0.csv,/Users/jana/Documents/PhD/covid/Re_project/paper_sim/estimated/smooth/death,/Users/jana/Documents/PhD/covid/Re_project/paper_sim/simulated/death,/infection_t_20_31_R_2.5_init_10_week_0.75_norm_0.1_timevar_TRUE_TRUE_fixed_FALSE_misdelay_0.csv,/Re_t_20_31_R_2.5_init_10_week_0.75_norm_0.1_timevar_TRUE_TRUE_fixed_FALSE_misdelay_0.csv,TRUE,TRUE,243689,872075,0.20587402259952697,-0.027294139373209812,2,0.44642857142857145,0.282616563071782,1,0.038378013770628897,0.9285714285714286,FALSE,0.5288102174711009,255,11
3,10,31,20,0.75,0.1,0,TRUE,TRUE,death,0,41,61,81,0.5,1.2,smooth,FALSE,t_20_31_R_3_init_10_week_0.75_norm_0.1_timevar_TRUE_TRUE_fixed_FALSE_misdelay_0.csv,/Users/jana/Documents/PhD/covid/Re_project/paper_sim/estimated/smooth/death,/Users/jana/Documents/PhD/covid/Re_project/paper_sim/simulated/death,/infection_t_20_31_R_3_init_10_week_0.75_norm_0.1_timevar_TRUE_TRUE_fixed_FALSE_misdelay_0.csv,/Re_t_20_31_R_3_init_10_week_0.75_norm_0.1_timevar_TRUE_TRUE_fixed_FALSE_misdelay_0.csv,TRUE,TRUE,239544,856486,0.2506200728430642,-0.025305651200213632,1,0.2777777777777778,0.14488936135761088,0.9591836734693877,0.044832200243606686,0.8333333333333334,FALSE,0.4801980080970006,907,11
3.5,10,31,20,0.75,0.1,0,TRUE,TRUE,death,0,41,61,81,0.5,1.2,smooth,FALSE,t_20_31_R_3.5_init_10_week_0.75_norm_0.1_timevar_TRUE_TRUE_fixed_FALSE_misdelay_0.csv,/Users/jana/Documents/PhD/covid/Re_project/paper_sim/estimated/smooth/death,/Users/jana/Documents/PhD/covid/Re_project/paper_sim/simulated/death,/infection_t_20_31_R_3.5_init_10_week_0.75_norm_0.1_timevar_TRUE_TRUE_fixed_FALSE_misdelay_0.csv,/Re_t_20_31_R_3.5_init_10_week_0.75_norm_0.1_timevar_TRUE_TRUE_fixed_FALSE_misdelay_0.csv,TRUE,TRUE,244387,875007,0.24790011064866566,-0.03737994605714683,1,0.19642857142857142,0.09741635032185914,0.9622641509433962,0.06859362077437574,0.8571428571428571,FALSE,0.4241156028016749,2586,11
2.5,100,31,20,0.75,0.1,0,TRUE,TRUE,death,0,41,61,81,0.5,1.2,smooth,FALSE,t_20_31_R_2.5_init_100_week_0.75_norm_0.1_timevar_TRUE_TRUE_fixed_FALSE_misdelay_0.csv,/Users/jana/Documents/PhD/covid/Re_project/paper_sim/estimated/smooth/death,/Users/jana/Documents/PhD/covid/Re_project/paper_sim/simulated/death,/infection_t_20_31_R_2.5_init_100_week_0.75_norm_0.1_timevar_TRUE_TRUE_fixed_FALSE_misdelay_0.csv,/Re_t_20_31_R_2.5_init_100_week_0.75_norm_0.1_timevar_TRUE_TRUE_fixed_FALSE_misdelay_0.csv,TRUE,TRUE,255311,919863,0.18912888113440146,-0.02475896550386705,1,0.25862068965517243,0.09436506000171291,0.9814814814814815,0.04299045124248025,0.6206896551724138,FALSE,0.46523043661439123,2608,11
3,100,31,20,0.75,0.1,0,TRUE,TRUE,death,0,41,61,81,0.5,1.2,smooth,FALSE,t_20_31_R_3_init_100_week_0.75_norm_0.1_timevar_TRUE_TRUE_fixed_FALSE_misdelay_0.csv,/Users/jana/Documents/PhD/covid/Re_project/paper_sim/estimated/smooth/death,/Users/jana/Documents/PhD/covid/Re_project/paper_sim/simulated/death,/infection_t_20_31_R_3_init_100_week_0.75_norm_0.1_timevar_TRUE_TRUE_fixed_FALSE_misdelay_0.csv,/Re_t_20_31_R_3_init_100_week_0.75_norm_0.1_timevar_TRUE_TRUE_fixed_FALSE_misdelay_0.csv,TRUE,TRUE,258487,934045,0.2603659420842597,-0.04020560318856316,1,0.13559322033898305,0.054529986127479946,0.9473684210526315,0.07101853907480515,0.559322033898305,FALSE,0.4612589566624135,8838,11
3.5,100,31,20,0.75,0.1,0,TRUE,TRUE,death,0,41,61,81,0.5,1.2,smooth,FALSE,t_20_31_R_3.5_init_100_week_0.75_norm_0.1_timevar_TRUE_TRUE_fixed_FALSE_misdelay_0.csv,/Users/jana/Documents/PhD/covid/Re_project/paper_sim/estimated/smooth/death,/Users/jana/Documents/PhD/covid/Re_project/paper_sim/simulated/death,/infection_t_20_31_R_3.5_init_100_week_0.75_norm_0.1_timevar_TRUE_TRUE_fixed_FALSE_misdelay_0.csv,/Re_t_20_31_R_3.5_init_100_week_0.75_norm_0.1_timevar_TRUE_TRUE_fixed_FALSE_misdelay_0.csv,TRUE,TRUE,247276,886234,0.1861721594389401,-0.019655459482711902,1,0.10714285714285714,0.03514083835891424,0.9818181818181818,0.047688449585304514,0.8571428571428571,FALSE,0.3494372982443195,25774,11
2.5,1000,31,20,0.75,0.1,0,TRUE,TRUE,death,0,41,61,81,0.5,1.2,smooth,FALSE,t_20_31_R_2.5_init_1000_week_0.75_norm_0.1_timevar_TRUE_TRUE_fixed_FALSE_misdelay_0.csv,/Users/jana/Documents/PhD/covid/Re_project/paper_sim/estimated/smooth/death,/Users/jana/Documents/PhD/covid/Re_project/paper_sim/simulated/death,/infection_t_20_31_R_2.5_init_1000_week_0.75_norm_0.1_timevar_TRUE_TRUE_fixed_FALSE_misdelay_0.csv,/Re_t_20_31_R_2.5_init_1000_week_0.75_norm_0.1_timevar_TRUE_TRUE_fixed_FALSE_misdelay_0.csv,TRUE,TRUE,260522,941075,0.17884903183449288,-0.026935604486453362,1,0.05084745762711865,0.02968921124156254,0.9827586206896551,0.042718469074269516,0.9322033898305084,FALSE,0.4662422847525234,26257,11
3,1000,31,20,0.75,0.1,0,TRUE,TRUE,death,0,41,61,81,0.5,1.2,smooth,FALSE,t_20_31_R_3_init_1000_week_0.75_norm_0.1_timevar_TRUE_TRUE_fixed_FALSE_misdelay_0.csv,/Users/jana/Documents/PhD/covid/Re_project/paper_sim/estimated/smooth/death,/Users/jana/Documents/PhD/covid/Re_project/paper_sim/simulated/death,/infection_t_20_31_R_3_init_1000_week_0.75_norm_0.1_timevar_TRUE_TRUE_fixed_FALSE_misdelay_0.csv,/Re_t_20_31_R_3_init_1000_week_0.75_norm_0.1_timevar_TRUE_TRUE_fixed_FALSE_misdelay_0.csv,TRUE,TRUE,263373,952788,0.15580798565736517,-0.027721277968449757,1,0.05,0.019092904207668793,0.9830508474576272,0.05041775136000289,0.3,FALSE,0.33655415663163857,88363,11
3.5,1000,31,20,0.75,0.1,0,TRUE,TRUE,death,0,41,61,81,0.5,1.2,smooth,FALSE,t_20_31_R_3.5_init_1000_week_0.75_norm_0.1_timevar_TRUE_TRUE_fixed_FALSE_misdelay_0.csv,/Users/jana/Documents/PhD/covid/Re_project/paper_sim/estimated/smooth/death,/Users/jana/Documents/PhD/covid/Re_project/paper_sim/simulated/death,/infection_t_20_31_R_3.5_init_1000_week_0.75_norm_0.1_timevar_TRUE_TRUE_fixed_FALSE_misdelay_0.csv,/Re_t_20_31_R_3.5_init_1000_week_0.75_norm_0.1_timevar_TRUE_TRUE_fixed_FALSE_misdelay_0.csv,TRUE,TRUE,260103,939161,0.27757294941209193,-0.03348486315542683,2,0.01694915254237288,0.010778113736511052,0.9830508474576272,0.06264784872511155,0.559322033898305,FALSE,0.5256089772723344,258317,11
2.5,10,36,20,0.75,0.1,0,TRUE,TRUE,death,0,46,66,86,0.5,1.2,smooth,FALSE,t_20_36_R_2.5_init_10_week_0.75_norm_0.1_timevar_TRUE_TRUE_fixed_FALSE_misdelay_0.csv,/Users/jana/Documents/PhD/covid/Re_project/paper_sim/estimated/smooth/death,/Users/jana/Documents/PhD/covid/Re_project/paper_sim/simulated/death,/infection_t_20_36_R_2.5_init_10_week_0.75_norm_0.1_timevar_TRUE_TRUE_fixed_FALSE_misdelay_0.csv,/Re_t_20_36_R_2.5_init_10_week_0.75_norm_0.1_timevar_TRUE_TRUE_fixed_FALSE_misdelay_0.csv,TRUE,TRUE,277205,999341,0.1293617276864789,-0.002327479604829572,0,0.53125,0.2523607203922973,0.98,0.0414875191912127,0.96875,FALSE,0.2707299921500038,392,16
3,10,36,20,0.75,0.1,0,TRUE,TRUE,death,0,46,66,86,0.5,1.2,smooth,FALSE,t_20_36_R_3_init_10_week_0.75_norm_0.1_timevar_TRUE_TRUE_fixed_FALSE_misdelay_0.csv,/Users/jana/Documents/PhD/covid/Re_project/paper_sim/estimated/smooth/death,/Users/jana/Documents/PhD/covid/Re_project/paper_sim/simulated/death,/infection_t_20_36_R_3_init_10_week_0.75_norm_0.1_timevar_TRUE_TRUE_fixed_FALSE_misdelay_0.csv,/Re_t_20_36_R_3_init_10_week_0.75_norm_0.1_timevar_TRUE_TRUE_fixed_FALSE_misdelay_0.csv,TRUE,TRUE,270481,980614,0.14980180219926956,-0.007293758552452174,1,0.3387096774193548,0.13880069775029458,1,0.052645503276313135,0.9032258064516129,FALSE,0.29478524238563514,1601,16
3.5,10,36,20,0.75,0.1,0,TRUE,TRUE,death,0,46,66,86,0.5,1.2,smooth,FALSE,t_20_36_R_3.5_init_10_week_0.75_norm_0.1_timevar_TRUE_TRUE_fixed_FALSE_misdelay_0.csv,/Users/jana/Documents/PhD/covid/Re_project/paper_sim/estimated/smooth/death,/Users/jana/Documents/PhD/covid/Re_project/paper_sim/simulated/death,/infection_t_20_36_R_3.5_init_10_week_0.75_norm_0.1_timevar_TRUE_TRUE_fixed_FALSE_misdelay_0.csv,/Re_t_20_36_R_3.5_init_10_week_0.75_norm_0.1_timevar_TRUE_TRUE_fixed_FALSE_misdelay_0.csv,TRUE,TRUE,265665,964642,0.1311192863410838,-0.01085330510329098,1,0.2903225806451613,0.07970424265201653,1,0.03718195237651116,0.6612903225806451,FALSE,0.2423327534671602,5222,16
2.5,100,36,20,0.75,0.1,0,TRUE,TRUE,death,0,46,66,86,0.5,1.2,smooth,FALSE,t_20_36_R_2.5_init_100_week_0.75_norm_0.1_timevar_TRUE_TRUE_fixed_FALSE_misdelay_0.csv,/Users/jana/Documents/PhD/covid/Re_project/paper_sim/estimated/smooth/death,/Users/jana/Documents/PhD/covid/Re_project/paper_sim/simulated/death,/infection_t_20_36_R_2.5_init_100_week_0.75_norm_0.1_timevar_TRUE_TRUE_fixed_FALSE_misdelay_0.csv,/Re_t_20_36_R_2.5_init_100_week_0.75_norm_0.1_timevar_TRUE_TRUE_fixed_FALSE_misdelay_0.csv,TRUE,TRUE,276647,1008254,0.13416238318502824,-0.020689502320225837,0,0.203125,0.08160714845066835,1,0.0436323971512114,0.703125,FALSE,0.260561306291347,4001,16
3,100,36,20,0.75,0.1,0,TRUE,TRUE,death,0,46,66,86,0.5,1.2,smooth,FALSE,t_20_36_R_3_init_100_week_0.75_norm_0.1_timevar_TRUE_TRUE_fixed_FALSE_misdelay_0.csv,/Users/jana/Documents/PhD/covid/Re_project/paper_sim/estimated/smooth/death,/Users/jana/Documents/PhD/covid/Re_project/paper_sim/simulated/death,/infection_t_20_36_R_3_init_100_week_0.75_norm_0.1_timevar_TRUE_TRUE_fixed_FALSE_misdelay_0.csv,/Re_t_20_36_R_3_init_100_week_0.75_norm_0.1_timevar_TRUE_TRUE_fixed_FALSE_misdelay_0.csv,TRUE,TRUE,283933,1036491,0.14157530942716978,-0.019164693895318954,1,0.15384615384615385,0.04539402884587829,0.96875,0.04151132307619775,0.9846153846153847,FALSE,0.2761444354031557,15608,16
3.5,100,36,20,0.75,0.1,0,TRUE,TRUE,death,0,46,66,86,0.5,1.2,smooth,FALSE,t_20_36_R_3.5_init_100_week_0.75_norm_0.1_timevar_TRUE_TRUE_fixed_FALSE_misdelay_0.csv,/Users/jana/Documents/PhD/covid/Re_project/paper_sim/estimated/smooth/death,/Users/jana/Documents/PhD/covid/Re_project/paper_sim/simulated/death,/infection_t_20_36_R_3.5_init_100_week_0.75_norm_0.1_timevar_TRUE_TRUE_fixed_FALSE_misdelay_0.csv,/Re_t_20_36_R_3.5_init_100_week_0.75_norm_0.1_timevar_TRUE_TRUE_fixed_FALSE_misdelay_0.csv,TRUE,TRUE,277388,1012020,0.21722276593385922,-0.025424937234279386,1,0.0625,0.025747077125283124,0.96875,0.07091182324838798,0.6875,FALSE,0.3156530828397454,52050,16
2.5,1000,36,20,0.75,0.1,0,TRUE,TRUE,death,0,46,66,86,0.5,1.2,smooth,FALSE,t_20_36_R_2.5_init_1000_week_0.75_norm_0.1_timevar_TRUE_TRUE_fixed_FALSE_misdelay_0.csv,/Users/jana/Documents/PhD/covid/Re_project/paper_sim/estimated/smooth/death,/Users/jana/Documents/PhD/covid/Re_project/paper_sim/simulated/death,/infection_t_20_36_R_2.5_init_1000_week_0.75_norm_0.1_timevar_TRUE_TRUE_fixed_FALSE_misdelay_0.csv,/Re_t_20_36_R_2.5_init_1000_week_0.75_norm_0.1_timevar_TRUE_TRUE_fixed_FALSE_misdelay_0.csv,TRUE,TRUE,278056,1014122,0.12940732474187605,-0.018138964107323123,0,0.046875,0.02629166258093063,1,0.04195307270022924,0.765625,FALSE,0.3037793256723667,40270,16
3,1000,36,20,0.75,0.1,0,TRUE,TRUE,death,0,46,66,86,0.5,1.2,smooth,FALSE,t_20_36_R_3_init_1000_week_0.75_norm_0.1_timevar_TRUE_TRUE_fixed_FALSE_misdelay_0.csv,/Users/jana/Documents/PhD/covid/Re_project/paper_sim/estimated/smooth/death,/Users/jana/Documents/PhD/covid/Re_project/paper_sim/simulated/death,/infection_t_20_36_R_3_init_1000_week_0.75_norm_0.1_timevar_TRUE_TRUE_fixed_FALSE_misdelay_0.csv,/Re_t_20_36_R_3_init_1000_week_0.75_norm_0.1_timevar_TRUE_TRUE_fixed_FALSE_misdelay_0.csv,TRUE,TRUE,279767,1019639,0.14719937533060098,-0.004491903920693705,1,0.015625,0.014422689748052442,0.9682539682539683,0.040496139587731225,0.515625,FALSE,0.34512744138531903,156050,16
3.5,1000,36,20,0.75,0.1,0,TRUE,TRUE,death,0,46,66,86,0.5,1.2,smooth,FALSE,t_20_36_R_3.5_init_1000_week_0.75_norm_0.1_timevar_TRUE_TRUE_fixed_FALSE_misdelay_0.csv,/Users/jana/Documents/PhD/covid/Re_project/paper_sim/estimated/smooth/death,/Users/jana/Documents/PhD/covid/Re_project/paper_sim/simulated/death,/infection_t_20_36_R_3.5_init_1000_week_0.75_norm_0.1_timevar_TRUE_TRUE_fixed_FALSE_misdelay_0.csv,/Re_t_20_36_R_3.5_init_1000_week_0.75_norm_0.1_timevar_TRUE_TRUE_fixed_FALSE_misdelay_0.csv,TRUE,TRUE,279347,1019641,0.17999386516853988,-0.014318659714835175,0,0.015625,0.007848322990617496,0.96875,0.05008254755525194,0.59375,FALSE,0.314250826453456,521647,16
2.5,10,21,20,0.75,0.1,0,TRUE,FALSE,death,0,31,51,71,0.5,1.2,smooth,FALSE,t_20_21_R_2.5_init_10_week_0.75_norm_0.1_timevar_TRUE_FALSE_fixed_FALSE_misdelay_0.csv,/Users/jana/Documents/PhD/covid/Re_project/paper_sim/estimated/smooth/death,/Users/jana/Documents/PhD/covid/Re_project/paper_sim/simulated/death,/infection_t_20_21_R_2.5_init_10_week_0.75_norm_0.1_timevar_TRUE_FALSE_fixed_FALSE_misdelay_0.csv,/Re_t_20_21_R_2.5_init_10_week_0.75_norm_0.1_timevar_TRUE_FALSE_fixed_FALSE_misdelay_0.csv,TRUE,TRUE,180538,612785,0.46392225934902265,-0.07167335425086972,2,0.48717948717948717,0.38462033700190446,1,0.18400674081600343,1,FALSE,0.9343534170810472,142,1
3,10,21,20,0.75,0.1,0,TRUE,FALSE,death,0,31,51,71,0.5,1.2,smooth,FALSE,t_20_21_R_3_init_10_week_0.75_norm_0.1_timevar_TRUE_FALSE_fixed_FALSE_misdelay_0.csv,/Users/jana/Documents/PhD/covid/Re_project/paper_sim/estimated/smooth/death,/Users/jana/Documents/PhD/covid/Re_project/paper_sim/simulated/death,/infection_t_20_21_R_3_init_10_week_0.75_norm_0.1_timevar_TRUE_FALSE_fixed_FALSE_misdelay_0.csv,/Re_t_20_21_R_3_init_10_week_0.75_norm_0.1_timevar_TRUE_FALSE_fixed_FALSE_misdelay_0.csv,TRUE,TRUE,183020,624384,0.5461503933411599,-0.03749657575999255,2,0.325,0.2465830637624497,1,0.21940661781188045,0.825,FALSE,0.9272754396321322,387,1
3.5,10,21,20,0.75,0.1,0,TRUE,FALSE,death,0,31,51,71,0.5,1.2,smooth,FALSE,t_20_21_R_3.5_init_10_week_0.75_norm_0.1_timevar_TRUE_FALSE_fixed_FALSE_misdelay_0.csv,/Users/jana/Documents/PhD/covid/Re_project/paper_sim/estimated/smooth/death,/Users/jana/Documents/PhD/covid/Re_project/paper_sim/simulated/death,/infection_t_20_21_R_3.5_init_10_week_0.75_norm_0.1_timevar_TRUE_FALSE_fixed_FALSE_misdelay_0.csv,/Re_t_20_21_R_3.5_init_10_week_0.75_norm_0.1_timevar_TRUE_FALSE_fixed_FALSE_misdelay_0.csv,TRUE,TRUE,195794,677409,0.5781554580367991,-0.02183484225885419,2,0.20930232558139536,0.1755879932637795,0.96875,0.21899920031669962,0.7209302325581395,FALSE,0.9358383884582034,865,1
2.5,100,21,20,0.75,0.1,0,TRUE,FALSE,death,0,31,51,71,0.5,1.2,smooth,FALSE,t_20_21_R_2.5_init_100_week_0.75_norm_0.1_timevar_TRUE_FALSE_fixed_FALSE_misdelay_0.csv,/Users/jana/Documents/PhD/covid/Re_project/paper_sim/estimated/smooth/death,/Users/jana/Documents/PhD/covid/Re_project/paper_sim/simulated/death,/infection_t_20_21_R_2.5_init_100_week_0.75_norm_0.1_timevar_TRUE_FALSE_fixed_FALSE_misdelay_0.csv,/Re_t_20_21_R_2.5_init_100_week_0.75_norm_0.1_timevar_TRUE_FALSE_fixed_FALSE_misdelay_0.csv,TRUE,TRUE,198248,685917,0.40174867484859744,-0.031066254784127195,1,0.09090909090909091,0.12552681213698508,0.9714285714285714,0.1310490461207865,0.5909090909090909,FALSE,0.9313622594140055,1453,1
3,100,21,20,0.75,0.1,0,TRUE,FALSE,death,0,31,51,71,0.5,1.2,smooth,FALSE,t_20_21_R_3_init_100_week_0.75_norm_0.1_timevar_TRUE_FALSE_fixed_FALSE_misdelay_0.csv,/Users/jana/Documents/PhD/covid/Re_project/paper_sim/estimated/smooth/death,/Users/jana/Documents/PhD/covid/Re_project/paper_sim/simulated/death,/infection_t_20_21_R_3_init_100_week_0.75_norm_0.1_timevar_TRUE_FALSE_fixed_FALSE_misdelay_0.csv,/Re_t_20_21_R_3_init_100_week_0.75_norm_0.1_timevar_TRUE_FALSE_fixed_FALSE_misdelay_0.csv,TRUE,TRUE,202243,702645,0.4094445568901478,-0.02798319519874797,1,0.26666666666666666,0.08926657809419791,0.9714285714285714,0.11558444747701703,0.6666666666666666,FALSE,0.9107640181688983,3777,1
3.5,100,21,20,0.75,0.1,0,TRUE,FALSE,death,0,31,51,71,0.5,1.2,smooth,FALSE,t_20_21_R_3.5_init_100_week_0.75_norm_0.1_timevar_TRUE_FALSE_fixed_FALSE_misdelay_0.csv,/Users/jana/Documents/PhD/covid/Re_project/paper_sim/estimated/smooth/death,/Users/jana/Documents/PhD/covid/Re_project/paper_sim/simulated/death,/infection_t_20_21_R_3.5_init_100_week_0.75_norm_0.1_timevar_TRUE_FALSE_fixed_FALSE_misdelay_0.csv,/Re_t_20_21_R_3.5_init_100_week_0.75_norm_0.1_timevar_TRUE_FALSE_fixed_FALSE_misdelay_0.csv,TRUE,TRUE,197747,685126,0.5428733837393228,-0.020643741316497797,1,0.18604651162790697,0.05852279171422492,0.975,0.1725691716998472,0.9069767441860465,FALSE,0.9235690061909478,8622,1
2.5,1000,21,20,0.75,0.1,0,TRUE,FALSE,death,0,31,51,71,0.5,1.2,smooth,FALSE,t_20_21_R_2.5_init_1000_week_0.75_norm_0.1_timevar_TRUE_FALSE_fixed_FALSE_misdelay_0.csv,/Users/jana/Documents/PhD/covid/Re_project/paper_sim/estimated/smooth/death,/Users/jana/Documents/PhD/covid/Re_project/paper_sim/simulated/death,/infection_t_20_21_R_2.5_init_1000_week_0.75_norm_0.1_timevar_TRUE_FALSE_fixed_FALSE_misdelay_0.csv,/Re_t_20_21_R_2.5_init_1000_week_0.75_norm_0.1_timevar_TRUE_FALSE_fixed_FALSE_misdelay_0.csv,TRUE,TRUE,208512,727632,0.347122713371906,-0.03422663663188745,0,0.2608695652173913,0.04465823673662955,1,0.10850917801199658,1,FALSE,0.9029452009039665,14629,1
3,1000,21,20,0.75,0.1,0,TRUE,FALSE,death,0,31,51,71,0.5,1.2,smooth,FALSE,t_20_21_R_3_init_1000_week_0.75_norm_0.1_timevar_TRUE_FALSE_fixed_FALSE_misdelay_0.csv,/Users/jana/Documents/PhD/covid/Re_project/paper_sim/estimated/smooth/death,/Users/jana/Documents/PhD/covid/Re_project/paper_sim/simulated/death,/infection_t_20_21_R_3_init_1000_week_0.75_norm_0.1_timevar_TRUE_FALSE_fixed_FALSE_misdelay_0.csv,/Re_t_20_21_R_3_init_1000_week_0.75_norm_0.1_timevar_TRUE_FALSE_fixed_FALSE_misdelay_0.csv,TRUE,TRUE,209768,732783,0.37115700312634875,-0.022347280536474876,1,0.08695652173913043,0.030916937713750037,0.9555555555555556,0.10167208709951586,0.8260869565217391,FALSE,0.8938627114452239,37766,1
3.5,1000,21,20,0.75,0.1,0,TRUE,FALSE,death,0,31,51,71,0.5,1.2,smooth,FALSE,t_20_21_R_3.5_init_1000_week_0.75_norm_0.1_timevar_TRUE_FALSE_fixed_FALSE_misdelay_0.csv,/Users/jana/Documents/PhD/covid/Re_project/paper_sim/estimated/smooth/death,/Users/jana/Documents/PhD/covid/Re_project/paper_sim/simulated/death,/infection_t_20_21_R_3.5_init_1000_week_0.75_norm_0.1_timevar_TRUE_FALSE_fixed_FALSE_misdelay_0.csv,/Re_t_20_21_R_3.5_init_1000_week_0.75_norm_0.1_timevar_TRUE_FALSE_fixed_FALSE_misdelay_0.csv,TRUE,TRUE,209210,732625,0.4646758979238003,-0.009501960130872586,1,0.13043478260869565,0.02033563729030996,0.8571428571428571,0.15289598102855845,0.8478260869565217,FALSE,0.90992612482206,86411,1
2.5,10,26,20,0.75,0.1,0,TRUE,FALSE,death,0,36,56,76,0.5,1.2,smooth,FALSE,t_20_26_R_2.5_init_10_week_0.75_norm_0.1_timevar_TRUE_FALSE_fixed_FALSE_misdelay_0.csv,/Users/jana/Documents/PhD/covid/Re_project/paper_sim/estimated/smooth/death,/Users/jana/Documents/PhD/covid/Re_project/paper_sim/simulated/death,/infection_t_20_26_R_2.5_init_10_week_0.75_norm_0.1_timevar_TRUE_FALSE_fixed_FALSE_misdelay_0.csv,/Re_t_20_26_R_2.5_init_10_week_0.75_norm_0.1_timevar_TRUE_FALSE_fixed_FALSE_misdelay_0.csv,TRUE,TRUE,202309,703935,0.3614321038421351,0.0024383340392946603,0,0.5111111111111111,0.30096908063093797,1,0.09754624132155235,0.9333333333333333,FALSE,0.7529413278464013,172,6
3,10,26,20,0.75,0.1,0,TRUE,FALSE,death,0,36,56,76,0.5,1.2,smooth,FALSE,t_20_26_R_3_init_10_week_0.75_norm_0.1_timevar_TRUE_FALSE_fixed_FALSE_misdelay_0.csv,/Users/jana/Documents/PhD/covid/Re_project/paper_sim/estimated/smooth/death,/Users/jana/Documents/PhD/covid/Re_project/paper_sim/simulated/death,/infection_t_20_26_R_3_init_10_week_0.75_norm_0.1_timevar_TRUE_FALSE_fixed_FALSE_misdelay_0.csv,/Re_t_20_26_R_3_init_10_week_0.75_norm_0.1_timevar_TRUE_FALSE_fixed_FALSE_misdelay_0.csv,TRUE,TRUE,209055,730877,0.38330207334559624,0.008556947010717712,1,0.46808510638297873,0.1911133999275394,1,0.06935927385633116,0.9574468085106383,FALSE,0.7487724089681644,525,6
3.5,10,26,20,0.75,0.1,0,TRUE,FALSE,death,0,36,56,76,0.5,1.2,smooth,FALSE,t_20_26_R_3.5_init_10_week_0.75_norm_0.1_timevar_TRUE_FALSE_fixed_FALSE_misdelay_0.csv,/Users/jana/Documents/PhD/covid/Re_project/paper_sim/estimated/smooth/death,/Users/jana/Documents/PhD/covid/Re_project/paper_sim/simulated/death,/infection_t_20_26_R_3.5_init_10_week_0.75_norm_0.1_timevar_TRUE_FALSE_fixed_FALSE_misdelay_0.csv,/Re_t_20_26_R_3.5_init_10_week_0.75_norm_0.1_timevar_TRUE_FALSE_fixed_FALSE_misdelay_0.csv,TRUE,TRUE,205383,715513,0.45095980325637863,0.018933376883606783,1,0.3333333333333333,0.126332760225901,1,0.08118586183045631,0.9333333333333333,FALSE,0.7258456438340251,1320,6
2.5,100,26,20,0.75,0.1,0,TRUE,FALSE,death,0,36,56,76,0.5,1.2,smooth,FALSE,t_20_26_R_2.5_init_100_week_0.75_norm_0.1_timevar_TRUE_FALSE_fixed_FALSE_misdelay_0.csv,/Users/jana/Documents/PhD/covid/Re_project/paper_sim/estimated/smooth/death,/Users/jana/Documents/PhD/covid/Re_project/paper_sim/simulated/death,/infection_t_20_26_R_2.5_init_100_week_0.75_norm_0.1_timevar_TRUE_FALSE_fixed_FALSE_misdelay_0.csv,/Re_t_20_26_R_2.5_init_100_week_0.75_norm_0.1_timevar_TRUE_FALSE_fixed_FALSE_misdelay_0.csv,TRUE,TRUE,220906,778526,0.25294338181307685,-0.021556574160385332,-1,0.3,0.10937835798695383,1,0.05591587352932162,0.76,FALSE,0.6530183236615624,1754,6
3,100,26,20,0.75,0.1,0,TRUE,FALSE,death,0,36,56,76,0.5,1.2,smooth,FALSE,t_20_26_R_3_init_100_week_0.75_norm_0.1_timevar_TRUE_FALSE_fixed_FALSE_misdelay_0.csv,/Users/jana/Documents/PhD/covid/Re_project/paper_sim/estimated/smooth/death,/Users/jana/Documents/PhD/covid/Re_project/paper_sim/simulated/death,/infection_t_20_26_R_3_init_100_week_0.75_norm_0.1_timevar_TRUE_FALSE_fixed_FALSE_misdelay_0.csv,/Re_t_20_26_R_3_init_100_week_0.75_norm_0.1_timevar_TRUE_FALSE_fixed_FALSE_misdelay_0.csv,TRUE,TRUE,215685,759223,0.35391333175932554,0.002344226276394262,0,0.25,0.06485994900350223,1,0.06062648258456247,0.9375,FALSE,0.7134430680029283,5122,6
3.5,100,26,20,0.75,0.1,0,TRUE,FALSE,death,0,36,56,76,0.5,1.2,smooth,FALSE,t_20_26_R_3.5_init_100_week_0.75_norm_0.1_timevar_TRUE_FALSE_fixed_FALSE_misdelay_0.csv,/Users/jana/Documents/PhD/covid/Re_project/paper_sim/estimated/smooth/death,/Users/jana/Documents/PhD/covid/Re_project/paper_sim/simulated/death,/infection_t_20_26_R_3.5_init_100_week_0.75_norm_0.1_timevar_TRUE_FALSE_fixed_FALSE_misdelay_0.csv,/Re_t_20_26_R_3.5_init_100_week_0.75_norm_0.1_timevar_TRUE_FALSE_fixed_FALSE_misdelay_0.csv,TRUE,TRUE,232976,827725,0.35719623416790147,-0.03151628715356704,1,0.018867924528301886,0.048736871649257996,0.9807692307692307,0.11109127681819093,0.5094339622641509,FALSE,0.6812037540878425,13161,6
2.5,1000,26,20,0.75,0.1,0,TRUE,FALSE,death,0,36,56,76,0.5,1.2,smooth,FALSE,t_20_26_R_2.5_init_1000_week_0.75_norm_0.1_timevar_TRUE_FALSE_fixed_FALSE_misdelay_0.csv,/Users/jana/Documents/PhD/covid/Re_project/paper_sim/estimated/smooth/death,/Users/jana/Documents/PhD/covid/Re_project/paper_sim/simulated/death,/infection_t_20_26_R_2.5_init_1000_week_0.75_norm_0.1_timevar_TRUE_FALSE_fixed_FALSE_misdelay_0.csv,/Re_t_20_26_R_2.5_init_1000_week_0.75_norm_0.1_timevar_TRUE_FALSE_fixed_FALSE_misdelay_0.csv,TRUE,TRUE,229339,812626,0.20850682134055776,-0.030164820685447676,0,0.058823529411764705,0.03904292670629017,0.9607843137254902,0.046210641696613035,0.29411764705882354,FALSE,0.5743292068739992,17653,6
3,1000,26,20,0.75,0.1,0,TRUE,FALSE,death,0,36,56,76,0.5,1.2,smooth,FALSE,t_20_26_R_3_init_1000_week_0.75_norm_0.1_timevar_TRUE_FALSE_fixed_FALSE_misdelay_0.csv,/Users/jana/Documents/PhD/covid/Re_project/paper_sim/estimated/smooth/death,/Users/jana/Documents/PhD/covid/Re_project/paper_sim/simulated/death,/infection_t_20_26_R_3_init_1000_week_0.75_norm_0.1_timevar_TRUE_FALSE_fixed_FALSE_misdelay_0.csv,/Re_t_20_26_R_3_init_1000_week_0.75_norm_0.1_timevar_TRUE_FALSE_fixed_FALSE_misdelay_0.csv,TRUE,TRUE,227609,807772,0.2718175153654931,-0.02594416358120182,0,0.0392156862745098,0.02403959594350713,0.9803921568627451,0.06066247545178151,1,FALSE,0.6253797853223545,51209,6
3.5,1000,26,20,0.75,0.1,0,TRUE,FALSE,death,0,36,56,76,0.5,1.2,smooth,FALSE,t_20_26_R_3.5_init_1000_week_0.75_norm_0.1_timevar_TRUE_FALSE_fixed_FALSE_misdelay_0.csv,/Users/jana/Documents/PhD/covid/Re_project/paper_sim/estimated/smooth/death,/Users/jana/Documents/PhD/covid/Re_project/paper_sim/simulated/death,/infection_t_20_26_R_3.5_init_1000_week_0.75_norm_0.1_timevar_TRUE_FALSE_fixed_FALSE_misdelay_0.csv,/Re_t_20_26_R_3.5_init_1000_week_0.75_norm_0.1_timevar_TRUE_FALSE_fixed_FALSE_misdelay_0.csv,TRUE,TRUE,236136,841087,0.27282952147414946,-0.014811434355640892,0,0.07547169811320754,0.016704373631110325,0.9615384615384616,0.05653622184469409,0.9811320754716981,FALSE,0.5930807336742936,131900,6
2.5,10,31,20,0.75,0.1,0,TRUE,FALSE,death,0,41,61,81,0.5,1.2,smooth,FALSE,t_20_31_R_2.5_init_10_week_0.75_norm_0.1_timevar_TRUE_FALSE_fixed_FALSE_misdelay_0.csv,/Users/jana/Documents/PhD/covid/Re_project/paper_sim/estimated/smooth/death,/Users/jana/Documents/PhD/covid/Re_project/paper_sim/simulated/death,/infection_t_20_31_R_2.5_init_10_week_0.75_norm_0.1_timevar_TRUE_FALSE_fixed_FALSE_misdelay_0.csv,/Re_t_20_31_R_2.5_init_10_week_0.75_norm_0.1_timevar_TRUE_FALSE_fixed_FALSE_misdelay_0.csv,TRUE,TRUE,227245,804123,0.21927827238833966,0.0070350978915100434,0,0.5490196078431373,0.25563241055232044,1,0.032289717405460425,0.803921568627451,FALSE,0.49744224180737806,255,11
3,10,31,20,0.75,0.1,0,TRUE,FALSE,death,0,41,61,81,0.5,1.2,smooth,FALSE,t_20_31_R_3_init_10_week_0.75_norm_0.1_timevar_TRUE_FALSE_fixed_FALSE_misdelay_0.csv,/Users/jana/Documents/PhD/covid/Re_project/paper_sim/estimated/smooth/death,/Users/jana/Documents/PhD/covid/Re_project/paper_sim/simulated/death,/infection_t_20_31_R_3_init_10_week_0.75_norm_0.1_timevar_TRUE_FALSE_fixed_FALSE_misdelay_0.csv,/Re_t_20_31_R_3_init_10_week_0.75_norm_0.1_timevar_TRUE_FALSE_fixed_FALSE_misdelay_0.csv,TRUE,TRUE,227803,807946,0.25276170276962984,0.001650881323600606,0,0.43137254901960786,0.15098141888763128,1,0.035603183305776595,0.8431372549019608,FALSE,0.48579107275798145,907,11
3.5,10,31,20,0.75,0.1,0,TRUE,FALSE,death,0,41,61,81,0.5,1.2,smooth,FALSE,t_20_31_R_3.5_init_10_week_0.75_norm_0.1_timevar_TRUE_FALSE_fixed_FALSE_misdelay_0.csv,/Users/jana/Documents/PhD/covid/Re_project/paper_sim/estimated/smooth/death,/Users/jana/Documents/PhD/covid/Re_project/paper_sim/simulated/death,/infection_t_20_31_R_3.5_init_10_week_0.75_norm_0.1_timevar_TRUE_FALSE_fixed_FALSE_misdelay_0.csv,/Re_t_20_31_R_3.5_init_10_week_0.75_norm_0.1_timevar_TRUE_FALSE_fixed_FALSE_misdelay_0.csv,TRUE,TRUE,244012,857087,0.2590124976247093,-0.01135367696726592,1,0.1896551724137931,0.11307846760624662,1,0.0675678521601344,0.7543859649122807,FALSE,0.49721159881752797,2586,11
2.5,100,31,20,0.75,0.1,0,TRUE,FALSE,death,0,41,61,81,0.5,1.2,smooth,FALSE,t_20_31_R_2.5_init_100_week_0.75_norm_0.1_timevar_TRUE_FALSE_fixed_FALSE_misdelay_0.csv,/Users/jana/Documents/PhD/covid/Re_project/paper_sim/estimated/smooth/death,/Users/jana/Documents/PhD/covid/Re_project/paper_sim/simulated/death,/infection_t_20_31_R_2.5_init_100_week_0.75_norm_0.1_timevar_TRUE_FALSE_fixed_FALSE_misdelay_0.csv,/Re_t_20_31_R_2.5_init_100_week_0.75_norm_0.1_timevar_TRUE_FALSE_fixed_FALSE_misdelay_0.csv,TRUE,TRUE,235370,838009,0.2266389088900503,-0.0038411889833643354,-1,0.3018867924528302,0.08570934864469104,0.96,0.04241088327561107,0.7924528301886793,FALSE,0.4994630304613683,2608,11
3,100,31,20,0.75,0.1,0,TRUE,FALSE,death,0,41,61,81,0.5,1.2,smooth,FALSE,t_20_31_R_3_init_100_week_0.75_norm_0.1_timevar_TRUE_FALSE_fixed_FALSE_misdelay_0.csv,/Users/jana/Documents/PhD/covid/Re_project/paper_sim/estimated/smooth/death,/Users/jana/Documents/PhD/covid/Re_project/paper_sim/simulated/death,/infection_t_20_31_R_3_init_100_week_0.75_norm_0.1_timevar_TRUE_FALSE_fixed_FALSE_misdelay_0.csv,/Re_t_20_31_R_3_init_100_week_0.75_norm_0.1_timevar_TRUE_FALSE_fixed_FALSE_misdelay_0.csv,TRUE,TRUE,231250,821975,0.23839387270886683,-1.619819584636756e-4,-1,0.15384615384615385,0.051354623131730504,0.9607843137254902,0.044349741611302604,0.7692307692307693,FALSE,0.4443612212009559,8838,11
3.5,100,31,20,0.75,0.1,0,TRUE,FALSE,death,0,41,61,81,0.5,1.2,smooth,FALSE,t_20_31_R_3.5_init_100_week_0.75_norm_0.1_timevar_TRUE_FALSE_fixed_FALSE_misdelay_0.csv,/Users/jana/Documents/PhD/covid/Re_project/paper_sim/estimated/smooth/death,/Users/jana/Documents/PhD/covid/Re_project/paper_sim/simulated/death,/infection_t_20_31_R_3.5_init_100_week_0.75_norm_0.1_timevar_TRUE_FALSE_fixed_FALSE_misdelay_0.csv,/Re_t_20_31_R_3.5_init_100_week_0.75_norm_0.1_timevar_TRUE_FALSE_fixed_FALSE_misdelay_0.csv,TRUE,TRUE,237418,846246,0.2494465471383865,0.008143456196330643,0,0.09259259259259259,0.03334437789679473,0.9622641509433962,0.04551147508096597,0.16666666666666666,FALSE,0.42919124065850855,25774,11
2.5,1000,31,20,0.75,0.1,0,TRUE,FALSE,death,0,41,61,81,0.5,1.2,smooth,FALSE,t_20_31_R_2.5_init_1000_week_0.75_norm_0.1_timevar_TRUE_FALSE_fixed_FALSE_misdelay_0.csv,/Users/jana/Documents/PhD/covid/Re_project/paper_sim/estimated/smooth/death,/Users/jana/Documents/PhD/covid/Re_project/paper_sim/simulated/death,/infection_t_20_31_R_2.5_init_1000_week_0.75_norm_0.1_timevar_TRUE_FALSE_fixed_FALSE_misdelay_0.csv,/Re_t_20_31_R_2.5_init_1000_week_0.75_norm_0.1_timevar_TRUE_FALSE_fixed_FALSE_misdelay_0.csv,TRUE,TRUE,248754,892936,0.17867290771475866,-0.013480224738605205,0,0.05357142857142857,0.033725808148397374,0.9454545454545454,0.03953570655409061,0.2857142857142857,FALSE,0.43656609397087637,26257,11
3,1000,31,20,0.75,0.1,0,TRUE,FALSE,death,0,41,61,81,0.5,1.2,smooth,FALSE,t_20_31_R_3_init_1000_week_0.75_norm_0.1_timevar_TRUE_FALSE_fixed_FALSE_misdelay_0.csv,/Users/jana/Documents/PhD/covid/Re_project/paper_sim/estimated/smooth/death,/Users/jana/Documents/PhD/covid/Re_project/paper_sim/simulated/death,/infection_t_20_31_R_3_init_1000_week_0.75_norm_0.1_timevar_TRUE_FALSE_fixed_FALSE_misdelay_0.csv,/Re_t_20_31_R_3_init_1000_week_0.75_norm_0.1_timevar_TRUE_FALSE_fixed_FALSE_misdelay_0.csv,TRUE,TRUE,254928,919021,0.17931332642683875,-0.002843577239144856,-1,0.05172413793103448,0.01937387777412941,1,0.04065424518412326,0.25862068965517243,FALSE,0.38987542753668514,88363,11
3.5,1000,31,20,0.75,0.1,0,TRUE,FALSE,death,0,41,61,81,0.5,1.2,smooth,FALSE,t_20_31_R_3.5_init_1000_week_0.75_norm_0.1_timevar_TRUE_FALSE_fixed_FALSE_misdelay_0.csv,/Users/jana/Documents/PhD/covid/Re_project/paper_sim/estimated/smooth/death,/Users/jana/Documents/PhD/covid/Re_project/paper_sim/simulated/death,/infection_t_20_31_R_3.5_init_1000_week_0.75_norm_0.1_timevar_TRUE_FALSE_fixed_FALSE_misdelay_0.csv,/Re_t_20_31_R_3.5_init_1000_week_0.75_norm_0.1_timevar_TRUE_FALSE_fixed_FALSE_misdelay_0.csv,TRUE,TRUE,252043,906362,0.21236216612141634,0.004673047961921394,0,0.017543859649122806,0.011174312296740041,0.9649122807017544,0.0464021845037125,0.14035087719298245,FALSE,0.36422134915251636,258317,11
2.5,10,36,20,0.75,0.1,0,TRUE,FALSE,death,0,46,66,86,0.5,1.2,smooth,FALSE,t_20_36_R_2.5_init_10_week_0.75_norm_0.1_timevar_TRUE_FALSE_fixed_FALSE_misdelay_0.csv,/Users/jana/Documents/PhD/covid/Re_project/paper_sim/estimated/smooth/death,/Users/jana/Documents/PhD/covid/Re_project/paper_sim/simulated/death,/infection_t_20_36_R_2.5_init_10_week_0.75_norm_0.1_timevar_TRUE_FALSE_fixed_FALSE_misdelay_0.csv,/Re_t_20_36_R_2.5_init_10_week_0.75_norm_0.1_timevar_TRUE_FALSE_fixed_FALSE_misdelay_0.csv,TRUE,TRUE,239010,854101,0.1526486332609333,0.021817889499376547,-1,0.5185185185185185,0.21094223873712975,0.975609756097561,0.030026961471059297,1,FALSE,0.2582382015440332,392,16
3,10,36,20,0.75,0.1,0,TRUE,FALSE,death,0,46,66,86,0.5,1.2,smooth,FALSE,t_20_36_R_3_init_10_week_0.75_norm_0.1_timevar_TRUE_FALSE_fixed_FALSE_misdelay_0.csv,/Users/jana/Documents/PhD/covid/Re_project/paper_sim/estimated/smooth/death,/Users/jana/Documents/PhD/covid/Re_project/paper_sim/simulated/death,/infection_t_20_36_R_3_init_10_week_0.75_norm_0.1_timevar_TRUE_FALSE_fixed_FALSE_misdelay_0.csv,/Re_t_20_36_R_3_init_10_week_0.75_norm_0.1_timevar_TRUE_FALSE_fixed_FALSE_misdelay_0.csv,TRUE,TRUE,240271,857603,0.20042291658334385,0.016900201610771805,-1,0.42592592592592593,0.11291010176003535,0.9795918367346939,0.029649821248303843,0.6296296296296297,FALSE,0.3266252976672541,1601,16
3.5,10,36,20,0.75,0.1,0,TRUE,FALSE,death,0,46,66,86,0.5,1.2,smooth,FALSE,t_20_36_R_3.5_init_10_week_0.75_norm_0.1_timevar_TRUE_FALSE_fixed_FALSE_misdelay_0.csv,/Users/jana/Documents/PhD/covid/Re_project/paper_sim/estimated/smooth/death,/Users/jana/Documents/PhD/covid/Re_project/paper_sim/simulated/death,/infection_t_20_36_R_3.5_init_10_week_0.75_norm_0.1_timevar_TRUE_FALSE_fixed_FALSE_misdelay_0.csv,/Re_t_20_36_R_3.5_init_10_week_0.75_norm_0.1_timevar_TRUE_FALSE_fixed_FALSE_misdelay_0.csv,TRUE,TRUE,236951,846659,0.24140366760772264,0.023866955105464195,-1,0.24074074074074073,0.0673391892349543,0.9807692307692307,0.03304579016707631,0.5185185185185185,FALSE,0.3199751388837908,5222,16
2.5,100,36,20,0.75,0.1,0,TRUE,FALSE,death,0,46,66,86,0.5,1.2,smooth,FALSE,t_20_36_R_2.5_init_100_week_0.75_norm_0.1_timevar_TRUE_FALSE_fixed_FALSE_misdelay_0.csv,/Users/jana/Documents/PhD/covid/Re_project/paper_sim/estimated/smooth/death,/Users/jana/Documents/PhD/covid/Re_project/paper_sim/simulated/death,/infection_t_20_36_R_2.5_init_100_week_0.75_norm_0.1_timevar_TRUE_FALSE_fixed_FALSE_misdelay_0.csv,/Re_t_20_36_R_2.5_init_100_week_0.75_norm_0.1_timevar_TRUE_FALSE_fixed_FALSE_misdelay_0.csv,TRUE,TRUE,264955,959756,0.12707242227726465,-0.004989481157146085,-1,0.24193548387096775,0.08077180715829324,0.9833333333333333,0.03877271245196683,0.967741935483871,FALSE,0.23184282366071474,4001,16
3,100,36,20,0.75,0.1,0,TRUE,FALSE,death,0,46,66,86,0.5,1.2,smooth,FALSE,t_20_36_R_3_init_100_week_0.75_norm_0.1_timevar_TRUE_FALSE_fixed_FALSE_misdelay_0.csv,/Users/jana/Documents/PhD/covid/Re_project/paper_sim/estimated/smooth/death,/Users/jana/Documents/PhD/covid/Re_project/paper_sim/simulated/death,/infection_t_20_36_R_3_init_100_week_0.75_norm_0.1_timevar_TRUE_FALSE_fixed_FALSE_misdelay_0.csv,/Re_t_20_36_R_3_init_100_week_0.75_norm_0.1_timevar_TRUE_FALSE_fixed_FALSE_misdelay_0.csv,TRUE,TRUE,258723,933231,0.14025716681578565,0.0013517832361181715,-2,0.1694915254237288,0.03969579853588756,0.9491525423728814,0.030504434829199362,0.9661016949152542,FALSE,0.17870273868066258,15608,16
3.5,100,36,20,0.75,0.1,0,TRUE,FALSE,death,0,46,66,86,0.5,1.2,smooth,FALSE,t_20_36_R_3.5_init_100_week_0.75_norm_0.1_timevar_TRUE_FALSE_fixed_FALSE_misdelay_0.csv,/Users/jana/Documents/PhD/covid/Re_project/paper_sim/estimated/smooth/death,/Users/jana/Documents/PhD/covid/Re_project/paper_sim/simulated/death,/infection_t_20_36_R_3.5_init_100_week_0.75_norm_0.1_timevar_TRUE_FALSE_fixed_FALSE_misdelay_0.csv,/Re_t_20_36_R_3.5_init_100_week_0.75_norm_0.1_timevar_TRUE_FALSE_fixed_FALSE_misdelay_0.csv,TRUE,TRUE,257700,931785,0.1920733818985978,0.011918289097643095,-1,0.06779661016949153,0.025865025850778878,0.9655172413793104,0.04126855049948066,0.3220338983050847,FALSE,0.30490082658342005,52050,16
2.5,1000,36,20,0.75,0.1,0,TRUE,FALSE,death,0,46,66,86,0.5,1.2,smooth,FALSE,t_20_36_R_2.5_init_1000_week_0.75_norm_0.1_timevar_TRUE_FALSE_fixed_FALSE_misdelay_0.csv,/Users/jana/Documents/PhD/covid/Re_project/paper_sim/estimated/smooth/death,/Users/jana/Documents/PhD/covid/Re_project/paper_sim/simulated/death,/infection_t_20_36_R_2.5_init_1000_week_0.75_norm_0.1_timevar_TRUE_FALSE_fixed_FALSE_misdelay_0.csv,/Re_t_20_36_R_2.5_init_1000_week_0.75_norm_0.1_timevar_TRUE_FALSE_fixed_FALSE_misdelay_0.csv,TRUE,TRUE,266640,967480,0.13899364359496452,-0.013960938545389434,-1,0.04918032786885246,0.025373592259683053,0.95,0.03682806305218627,0.8360655737704918,FALSE,0.26483849043687113,40270,16
3,1000,36,20,0.75,0.1,0,TRUE,FALSE,death,0,46,66,86,0.5,1.2,smooth,FALSE,t_20_36_R_3_init_1000_week_0.75_norm_0.1_timevar_TRUE_FALSE_fixed_FALSE_misdelay_0.csv,/Users/jana/Documents/PhD/covid/Re_project/paper_sim/estimated/smooth/death,/Users/jana/Documents/PhD/covid/Re_project/paper_sim/simulated/death,/infection_t_20_36_R_3_init_1000_week_0.75_norm_0.1_timevar_TRUE_FALSE_fixed_FALSE_misdelay_0.csv,/Re_t_20_36_R_3_init_1000_week_0.75_norm_0.1_timevar_TRUE_FALSE_fixed_FALSE_misdelay_0.csv,TRUE,TRUE,270373,980634,0.13429624019954417,0.007314403470458266,-1,0.06451612903225806,0.013163344218089845,0.967741935483871,0.03000959233038139,0.9838709677419355,FALSE,0.24747763430277428,156050,16
3.5,1000,36,20,0.75,0.1,0,TRUE,FALSE,death,0,46,66,86,0.5,1.2,smooth,FALSE,t_20_36_R_3.5_init_1000_week_0.75_norm_0.1_timevar_TRUE_FALSE_fixed_FALSE_misdelay_0.csv,/Users/jana/Documents/PhD/covid/Re_project/paper_sim/estimated/smooth/death,/Users/jana/Documents/PhD/covid/Re_project/paper_sim/simulated/death,/infection_t_20_36_R_3.5_init_1000_week_0.75_norm_0.1_timevar_TRUE_FALSE_fixed_FALSE_misdelay_0.csv,/Re_t_20_36_R_3.5_init_1000_week_0.75_norm_0.1_timevar_TRUE_FALSE_fixed_FALSE_misdelay_0.csv,TRUE,TRUE,267331,971124,0.19665034678338453,0.017670401196978464,-1,0.01639344262295082,0.008611614212029828,0.9672131147540983,0.051169804314806396,0.9344262295081968,FALSE,0.37431519546860714,521647,16
